tanggal,produk,qty,Harga_Jual,Modal,Profit,is_event,event_type,bulan
2026-01-01,bouquet pocky ,1,84000,62000,22000,True,Tahun Baru Masehi,1
2026-01-01,bouquet flower medium unggu ,1,65000,35000,30000,True,Tahun Baru Masehi,1
2026-01-01,frame besar,1,78000,35000,43000,True,Tahun Baru Masehi,1
2026-01-01,bucket red costum ,1,79000,45000,34000,True,Tahun Baru Masehi,1
2026-01-01,bouquet snack  ,1,45000,25000,20000,True,Tahun Baru Masehi,1
2026-01-01,bouquet kopi inc bunga mini ,1,55000,30000,25000,True,Tahun Baru Masehi,1
2026-01-01,frame ,1,55000,25000,30000,True,Tahun Baru Masehi,1
2026-01-01,frame besar ,1,78000,35000,43000,True,Tahun Baru Masehi,1
2026-01-01,frame birthday ,1,78000,35000,43000,True,Tahun Baru Masehi,1
2026-01-01,bouquet flower costum ,1,82000,49000,33000,True,Tahun Baru Masehi,1
2026-01-01,bouquet silverqueen mini 4 ,1,110000,67000,43000,True,Tahun Baru Masehi,1
2026-01-01,bouquet koran medium ,1,65000,38000,27000,True,Tahun Baru Masehi,1
2026-01-01,frame besar ,3,234000,105000,129000,True,Tahun Baru Masehi,1
2026-01-01,bouquet blue 9 bunga ,1,135000,67000,68000,True,Tahun Baru Masehi,1
2026-01-01,frame besar ,1,78000,35000,43000,True,Tahun Baru Masehi,1
2026-01-01,frame ,1,55000,25000,30000,True,Tahun Baru Masehi,1
2026-01-01,bucket kopi ,1,50000,25000,25000,True,Tahun Baru Masehi,1
2026-01-01,bouquet warna ungu medium ,1,65000,35000,30000,True,Tahun Baru Masehi,1
2026-01-01,bouquet snack tango ,1,50000,30000,20000,True,Tahun Baru Masehi,1
2026-01-01,bouquet blue 9 bunga ,1,135000,67000,68000,True,Tahun Baru Masehi,1
2026-01-01,bouquet bunga mix snack top ,1,75000,48000,27000,True,Tahun Baru Masehi,1
2026-01-01,bouquet snack bangbang ,1,64000,37000,27000,True,Tahun Baru Masehi,1
2026-01-01,bucket red costum ,3,237000,135000,102000,True,Tahun Baru Masehi,1
2026-01-01,bouquet warna ungu medium ,1,65000,35000,30000,True,Tahun Baru Masehi,1
2026-01-01,buckert costum rokok ,1,135000,103000,32000,True,Tahun Baru Masehi,1
2026-01-01,bouquet koran medium ,1,65000,38000,27000,True,Tahun Baru Masehi,1
2026-01-01,bouquet costum foto ,1,60000,30000,30000,True,Tahun Baru Masehi,1
2026-01-01,bouquet kopi ,1,48000,28000,20000,True,Tahun Baru Masehi,1
2026-01-01,bouquet model koran tumbelina mini ,1,88000,53000,35000,True,Tahun Baru Masehi,1
2026-01-01,frame birthday besar ,1,78000,35000,43000,True,Tahun Baru Masehi,1
2026-01-01,bouquet silverqueen ,1,115000,73000,42000,True,Tahun Baru Masehi,1
2026-01-01,bouquet rose isi 9,1,135000,67000,68000,True,Tahun Baru Masehi,1
2026-01-01,bouquet blue 9 bunga ,3,405000,201000,204000,True,Tahun Baru Masehi,1
2026-01-01,bouquet costum merah ,1,135000,69000,66000,True,Tahun Baru Masehi,1
2026-01-01,frame birthday besar ,1,78000,35000,43000,True,Tahun Baru Masehi,1
2026-01-01,bouquet kopi ,1,48000,28000,20000,True,Tahun Baru Masehi,1
2026-01-01,bouquet kopi inc bunga mini ,1,55000,30000,25000,True,Tahun Baru Masehi,1
2026-01-01,bouquet blue 9 bunga ,1,135000,67000,68000,True,Tahun Baru Masehi,1
2026-01-01,frame birthday ,1,78000,35000,43000,True,Tahun Baru Masehi,1
2026-01-01,bouquet model koran tumbelina mini ,1,88000,53000,35000,True,Tahun Baru Masehi,1
2026-01-01,bouquet kopi inc bunga mini ,1,55000,30000,25000,True,Tahun Baru Masehi,1
2026-01-01,bouquet motif koran ,2,176000,106000,70000,True,Tahun Baru Masehi,1
2026-01-01,frame mini ,1,55000,25000,30000,True,Tahun Baru Masehi,1
2026-01-01,bouquet costum jepit kamboja ,1,64000,39000,25000,True,Tahun Baru Masehi,1
2026-01-01,bouquet model koran tumbelina mini ,1,88000,53000,35000,True,Tahun Baru Masehi,1
2026-01-01,frame besar ,1,78000,35000,43000,True,Tahun Baru Masehi,1
2026-01-01,frame besar ,1,78000,35000,43000,True,Tahun Baru Masehi,1
2026-01-01,frame besar,1,78000,35000,43000,True,Tahun Baru Masehi,1
2026-01-01,bucket isi 9 bunga ,1,135000,67000,68000,True,Tahun Baru Masehi,1
2026-01-01,bouquet bunga mix snack top ,1,75000,48000,27000,True,Tahun Baru Masehi,1
2026-01-01,bouquet kopii ,1,50000,25000,25000,True,Tahun Baru Masehi,1
2026-01-01,buckert costum rokok ,1,135000,103000,32000,True,Tahun Baru Masehi,1
2026-01-01,frame costum ,1,78000,35000,43000,True,Tahun Baru Masehi,1
2026-01-01,bouquet flower medium ,1,65000,38000,27000,True,Tahun Baru Masehi,1
2026-01-01,bouquet koran tumbelinna ,1,88000,53000,35000,True,Tahun Baru Masehi,1
2026-01-01,bouquet kopi ,1,48000,28000,20000,True,Tahun Baru Masehi,1
2026-01-01,bouquet pocky ,1,84000,62000,22000,True,Tahun Baru Masehi,1
2026-01-01,bouquet silverqueen ,1,115000,73000,42000,True,Tahun Baru Masehi,1
2026-01-01,bouquet snack bangbang ,1,64000,37000,27000,True,Tahun Baru Masehi,1
2026-01-01,bucket costum rokok ,1,128000,72000,56000,True,Tahun Baru Masehi,1
2026-01-01,bouquet merah medium ,1,65000,35000,30000,True,Tahun Baru Masehi,1
2026-01-01,frame birthday ,3,165000,75000,90000,True,Tahun Baru Masehi,1
2026-01-01,bouquet koran tumbelinna ,1,88000,53000,35000,True,Tahun Baru Masehi,1
2026-01-01,bouquet koran tumbelinna ,1,88000,53000,35000,True,Tahun Baru Masehi,1
2026-01-01,frame birthday ,1,78000,35000,43000,True,Tahun Baru Masehi,1
2026-01-01,frame birthday ,1,78000,35000,43000,True,Tahun Baru Masehi,1
2026-01-01,frame valentine ,1,55000,25000,30000,True,Tahun Baru Masehi,1
2026-01-01,bouquet koran costum isi 3bunga ,1,38000,15000,23000,True,Tahun Baru Masehi,1
2026-01-01,bouquet motif koran ,1,88000,53000,35000,True,Tahun Baru Masehi,1
2026-01-01,frame costum ,1,78000,35000,43000,True,Tahun Baru Masehi,1
2026-01-01,bucket red costum ,2,158000,90000,68000,True,Tahun Baru Masehi,1
2026-01-01,bouquet koran tumbelinna ,1,88000,53000,35000,True,Tahun Baru Masehi,1
2026-01-01,bouquet costum merah ,1,135000,69000,66000,True,Tahun Baru Masehi,1
2026-01-01,buckert costum rokok ,1,135000,103000,32000,True,Tahun Baru Masehi,1
2026-01-01,frame besar,2,156000,70000,86000,True,Tahun Baru Masehi,1
2026-01-01,bouquet blue 9 bunga ,1,135000,67000,68000,True,Tahun Baru Masehi,1
2026-01-01,bucket costum rokok ,1,128000,72000,56000,True,Tahun Baru Masehi,1
2026-01-01,bouquet koran medium ,1,65000,38000,27000,True,Tahun Baru Masehi,1
2026-01-01,bucket costum rokok ,1,128000,72000,56000,True,Tahun Baru Masehi,1
2026-01-01,bouquet isi 9 mawar ,2,270000,194000,76000,True,Tahun Baru Masehi,1
2026-01-01,bouquet snack sip ,2,90000,50000,40000,True,Tahun Baru Masehi,1
2026-01-01,bouquet flower medium ,1,65000,38000,27000,True,Tahun Baru Masehi,1
2026-01-01,bouquet snack tango ,1,50000,30000,20000,True,Tahun Baru Masehi,1
2026-01-01,buckert costum rokok ,1,135000,103000,32000,True,Tahun Baru Masehi,1
2026-01-01,bouquet rose isi 9,1,135000,67000,68000,True,Tahun Baru Masehi,1
2026-01-01,bouquet silverqueen ,1,115000,73000,42000,True,Tahun Baru Masehi,1
2026-01-01,bouquet kopii ,1,50000,25000,25000,True,Tahun Baru Masehi,1
2026-01-01,bouquet koran tumbelinna ,1,88000,53000,35000,True,Tahun Baru Masehi,1
2026-01-01,bouquet kopii ,3,150000,75000,75000,True,Tahun Baru Masehi,1
2026-01-01,frame birthjday,1,78000,35000,43000,True,Tahun Baru Masehi,1
2026-01-01,bouquet snack sip ,1,45000,25000,20000,True,Tahun Baru Masehi,1
2026-01-01,frame mini ,1,55000,25000,30000,True,Tahun Baru Masehi,1
2026-01-01,frame valentine besar ,1,468000,210000,258000,True,Tahun Baru Masehi,1
2026-01-01,buckert costum rokok ,1,135000,103000,32000,True,Tahun Baru Masehi,1
2026-01-01,costum snack bouquet + flwr ,1,265000,197000,68000,True,Tahun Baru Masehi,1
2026-01-01,bouquet isi 9 mawar ,1,135000,97000,38000,True,Tahun Baru Masehi,1
2026-01-01,frame valentine besar ,1,468000,210000,258000,True,Tahun Baru Masehi,1
2026-01-01,bouquet red flower ,1,74000,42000,32000,True,Tahun Baru Masehi,1
2026-01-01,bouquet koran costum isi 3bunga ,1,38000,15000,23000,True,Tahun Baru Masehi,1
2026-01-01,frame ,1,55000,25000,30000,True,Tahun Baru Masehi,1
2026-01-01,bouquet snack  ,2,90000,50000,40000,True,Tahun Baru Masehi,1
2026-01-01,buckert costum rokok ,1,135000,103000,32000,True,Tahun Baru Masehi,1
2026-01-01,bouquet rose isi 9,1,135000,67000,68000,True,Tahun Baru Masehi,1
2026-01-01,bouquet silverqueen ,1,115000,73000,42000,True,Tahun Baru Masehi,1
2026-01-01,bouquet tumbelina koran ,1,88000,53000,35000,True,Tahun Baru Masehi,1
2026-01-01,bouquet pocky ,2,168000,124000,44000,True,Tahun Baru Masehi,1
2026-01-01,bouquet costum snack jumbo ,1,185000,122000,63000,True,Tahun Baru Masehi,1
2026-01-01,bouquet snack sip ,1,45000,25000,20000,True,Tahun Baru Masehi,1
2026-01-01,frame valentine besar ,1,468000,210000,258000,True,Tahun Baru Masehi,1
2026-01-01,frame birthday besar ,1,78000,35000,43000,True,Tahun Baru Masehi,1
2026-01-01,bucket isi 9 bunga ,1,135000,67000,68000,True,Tahun Baru Masehi,1
2026-01-01,frame mini ,1,55000,25000,30000,True,Tahun Baru Masehi,1
2026-01-01,bouquet silverqueen mini 4 ,1,110000,67000,43000,True,Tahun Baru Masehi,1
2026-01-01,boquet costum rokok ,1,128000,74000,54000,True,Tahun Baru Masehi,1
2026-01-01,bouquet flower medium ,3,195000,114000,81000,True,Tahun Baru Masehi,1
2026-01-01,bouquet flower ,1,77000,54000,23000,True,Tahun Baru Masehi,1
2026-01-01,frame birthjday,1,78000,35000,43000,True,Tahun Baru Masehi,1
2026-01-01,frame birthday ,1,78000,35000,43000,True,Tahun Baru Masehi,1
2026-01-01,bouquet costum merah ,1,135000,69000,66000,True,Tahun Baru Masehi,1
2026-01-01,costum snack bouquet + flwr ,3,795000,591000,204000,True,Tahun Baru Masehi,1
2026-01-01,bouquet koran medium ,1,65000,38000,27000,True,Tahun Baru Masehi,1
2026-01-01,bucket isi 9 bunga ,1,135000,67000,68000,True,Tahun Baru Masehi,1
2026-01-01,bouquet kopii ,1,50000,25000,25000,True,Tahun Baru Masehi,1
2026-01-01,bouquet koran tumbelinna ,1,88000,53000,35000,True,Tahun Baru Masehi,1
2026-01-01,frame birthjday,1,78000,35000,43000,True,Tahun Baru Masehi,1
2026-01-01,bouquet jumbo mawar 100 pc ,1,650000,321000,329000,True,Tahun Baru Masehi,1
2026-01-01,bouquet silverqueen ,1,115000,73000,42000,True,Tahun Baru Masehi,1
2026-01-01,bucket kopi ,1,50000,25000,25000,True,Tahun Baru Masehi,1
2026-01-01,frame mini ,1,55000,25000,30000,True,Tahun Baru Masehi,1
2026-01-01,frame birthday ,1,78000,35000,43000,True,Tahun Baru Masehi,1
2026-01-01,bucket red costum ,1,79000,45000,34000,True,Tahun Baru Masehi,1
2026-01-01,bouquet isi 9 mawar ,1,135000,97000,38000,True,Tahun Baru Masehi,1
2026-01-01,bucket costum rokok ,1,128000,72000,56000,True,Tahun Baru Masehi,1
2026-01-01,bouquet snack tango ,2,100000,60000,40000,True,Tahun Baru Masehi,1
2026-01-01,frame ,1,55000,25000,30000,True,Tahun Baru Masehi,1
2026-01-01,frame mini ,1,55000,25000,30000,True,Tahun Baru Masehi,1
2026-01-01,frame birthday besar ,1,78000,35000,43000,True,Tahun Baru Masehi,1
2026-01-01,bouquet bunga coklat 3 ,1,125000,86000,39000,True,Tahun Baru Masehi,1
2026-01-01,bouquet kopi ,1,48000,28000,20000,True,Tahun Baru Masehi,1
2026-01-01,buckert costum rokok ,1,135000,103000,32000,True,Tahun Baru Masehi,1
2026-01-01,bouquet flower medium red ,1,65000,35000,30000,True,Tahun Baru Masehi,1
2026-01-01,bouquet red flower ,1,74000,42000,32000,True,Tahun Baru Masehi,1
2026-01-01,bouquet silverqueen mini 4 ,1,110000,67000,43000,True,Tahun Baru Masehi,1
2026-01-01,frame costum ,1,78000,35000,43000,True,Tahun Baru Masehi,1
2026-01-01,bouquet costum foto ,1,60000,30000,30000,True,Tahun Baru Masehi,1
2026-01-01,frame besar,1,78000,35000,43000,True,Tahun Baru Masehi,1
2026-01-01,bouquet silverqueen ,1,115000,73000,42000,True,Tahun Baru Masehi,1
2026-01-01,bouquet tumbelina koran ,1,88000,53000,35000,True,Tahun Baru Masehi,1
2026-01-01,bouquet model koran tumbelina mini ,1,88000,53000,35000,True,Tahun Baru Masehi,1
2026-01-01,bouquet bunga coklat 3 ,1,125000,86000,39000,True,Tahun Baru Masehi,1
2026-01-01,buckert costum rokok ,1,135000,103000,32000,True,Tahun Baru Masehi,1
2026-01-01,frame costum ,1,78000,35000,43000,True,Tahun Baru Masehi,1
2026-01-01,bouquet snack coklat mini ,1,45000,25000,20000,True,Tahun Baru Masehi,1
2026-01-01,bouquet snack  ,1,45000,25000,20000,True,Tahun Baru Masehi,1
2026-01-01,bouquet motif koran ,1,88000,53000,35000,True,Tahun Baru Masehi,1
2026-01-01,bouquet motif koran ,1,88000,53000,35000,True,Tahun Baru Masehi,1
2026-01-01,bouquet kopi inc bunga mini ,1,55000,30000,25000,True,Tahun Baru Masehi,1
2026-01-01,bouquet merah medium ,1,65000,35000,30000,True,Tahun Baru Masehi,1
2026-01-01,bouquet costum merah ,1,135000,69000,66000,True,Tahun Baru Masehi,1
2026-01-01,bouquet costum snack jumbo ,1,185000,122000,63000,True,Tahun Baru Masehi,1
2026-01-01,bouquet kopi inc bunga mini ,1,55000,30000,25000,True,Tahun Baru Masehi,1
2026-01-01,bouquet snack tango ,3,150000,90000,60000,True,Tahun Baru Masehi,1
2026-01-01,bouquet silverqueen mini 4 ,1,110000,67000,43000,True,Tahun Baru Masehi,1
2026-01-01,bouquet merah medium ,3,195000,105000,90000,True,Tahun Baru Masehi,1
2026-01-01,boquet costum rokok ,1,128000,74000,54000,True,Tahun Baru Masehi,1
2026-01-01,bouquet kopi inc bunga mini ,1,55000,30000,25000,True,Tahun Baru Masehi,1
2026-01-01,frame birthday ,1,78000,35000,43000,True,Tahun Baru Masehi,1
2026-01-01,bouquet koran costum isi 3bunga ,1,38000,15000,23000,True,Tahun Baru Masehi,1
2026-01-01,money bouquet ,1,75000,35000,40000,True,Tahun Baru Masehi,1
2026-01-01,bouquet rose isi 9,1,135000,67000,68000,True,Tahun Baru Masehi,1
2026-01-01,frame birthjday,1,78000,35000,43000,True,Tahun Baru Masehi,1
2026-01-01,bouquet bunga coklat 3 ,1,125000,86000,39000,True,Tahun Baru Masehi,1
2026-01-01,bouquet flower costum ,1,82000,49000,33000,True,Tahun Baru Masehi,1
2026-01-01,frame birthjday,1,78000,35000,43000,True,Tahun Baru Masehi,1
2026-01-01,boquet costum rokok ,1,128000,74000,54000,True,Tahun Baru Masehi,1
2026-01-01,bucket sip ,1,45000,25000,20000,True,Tahun Baru Masehi,1
2026-01-01,frame birthday ,1,78000,35000,43000,True,Tahun Baru Masehi,1
2026-01-01,bouquet bang bang mix rokok ,1,138000,87000,51000,True,Tahun Baru Masehi,1
2026-01-01,bouquet costum snack jumbo ,1,185000,122000,63000,True,Tahun Baru Masehi,1
2026-01-01,bouquet warna ungu medium ,1,65000,35000,30000,True,Tahun Baru Masehi,1
2026-01-01,frame valentine ,1,385000,175000,210000,True,Tahun Baru Masehi,1
2026-01-01,bouquet flower ,1,77000,54000,23000,True,Tahun Baru Masehi,1
2026-01-01,bouquet silverqueen ,1,115000,73000,42000,True,Tahun Baru Masehi,1
2026-01-01,bouquet model koran tumbelina mini ,1,88000,53000,35000,True,Tahun Baru Masehi,1
2026-01-01,bouquet warna ungu medium ,3,195000,105000,90000,True,Tahun Baru Masehi,1
2026-01-01,bouquet snack  ,1,45000,25000,20000,True,Tahun Baru Masehi,1
2026-01-01,frame birthjday,2,156000,70000,86000,True,Tahun Baru Masehi,1
2026-01-01,bucket costum rokok ,1,128000,72000,56000,True,Tahun Baru Masehi,1
2026-01-01,bouquet flower costum ,1,82000,49000,33000,True,Tahun Baru Masehi,1
2026-01-01,bouquet bunga coklat 3 ,1,125000,86000,39000,True,Tahun Baru Masehi,1
2026-01-01,bouquet jumbo mawar 100 pc ,1,650000,321000,329000,True,Tahun Baru Masehi,1
2026-01-01,bouquet rose isi 9,1,135000,67000,68000,True,Tahun Baru Masehi,1
2026-01-01,bouquet flower medium red ,1,65000,35000,30000,True,Tahun Baru Masehi,1
2026-01-01,bucket kopi ,1,50000,25000,25000,True,Tahun Baru Masehi,1
2026-01-01,bouquet merah medium ,1,65000,35000,30000,True,Tahun Baru Masehi,1
2026-01-01,bouquet kopi inc bunga mini ,1,55000,30000,25000,True,Tahun Baru Masehi,1
2026-01-01,bouquet snack bangbang ,1,64000,37000,27000,True,Tahun Baru Masehi,1
2026-01-01,bouquet costum merah ,3,405000,207000,198000,True,Tahun Baru Masehi,1
2026-01-01,frame birthjday,1,78000,35000,43000,True,Tahun Baru Masehi,1
2026-01-01,frame birthjday,1,78000,35000,43000,True,Tahun Baru Masehi,1
2026-01-01,bouquet warna ungu medium ,3,195000,105000,90000,True,Tahun Baru Masehi,1
2026-01-01,bouquet snack bangbang ,1,64000,37000,27000,True,Tahun Baru Masehi,1
2026-01-01,bouquet flower medium red ,1,65000,35000,30000,True,Tahun Baru Masehi,1
2026-01-01,bouquet flower medium unggu ,1,65000,35000,30000,True,Tahun Baru Masehi,1
2026-01-01,snack bouquet ,1,50000,25000,25000,True,Tahun Baru Masehi,1
2026-01-01,frame costum ,1,78000,35000,43000,True,Tahun Baru Masehi,1
2026-01-01,bouquet kopi ,3,144000,84000,60000,True,Tahun Baru Masehi,1
2026-01-01,bouquet snack bangbang ,3,192000,111000,81000,True,Tahun Baru Masehi,1
2026-01-01,bouquet merah medium ,1,65000,35000,30000,True,Tahun Baru Masehi,1
2026-01-01,boquet costum rokok ,1,128000,74000,54000,True,Tahun Baru Masehi,1
2026-01-01,frame valentine ,1,55000,25000,30000,True,Tahun Baru Masehi,1
2026-01-01,bouquet koran tumbelinna ,1,88000,53000,35000,True,Tahun Baru Masehi,1
2026-01-01,bucket kopi ,1,50000,25000,25000,True,Tahun Baru Masehi,1
2026-01-01,frame birthjday,1,78000,35000,43000,True,Tahun Baru Masehi,1
2026-01-01,frame birthday besar ,1,78000,35000,43000,True,Tahun Baru Masehi,1
2026-01-01,bouquet pocky ,1,84000,62000,22000,True,Tahun Baru Masehi,1
2026-01-01,bouquet model koran tumbelina mini ,1,88000,53000,35000,True,Tahun Baru Masehi,1
2026-01-01,bucket kopi ,1,50000,25000,25000,True,Tahun Baru Masehi,1
2026-01-01,frame birthday ,1,78000,35000,43000,True,Tahun Baru Masehi,1
2026-01-01,bouquet warna ungu medium ,1,65000,35000,30000,True,Tahun Baru Masehi,1
2026-01-01,bouquet kopii ,1,50000,25000,25000,True,Tahun Baru Masehi,1
2026-01-01,frame besar ,2,156000,70000,86000,True,Tahun Baru Masehi,1
2026-01-01,snack bouquet ,1,50000,25000,25000,True,Tahun Baru Masehi,1
2026-01-01,frame birthday ,1,55000,25000,30000,True,Tahun Baru Masehi,1
2026-01-01,boquet costum rokok ,1,128000,74000,54000,True,Tahun Baru Masehi,1
2026-01-01,bouquet red flower ,3,222000,126000,96000,True,Tahun Baru Masehi,1
2026-01-01,bouquet flower costum ,2,164000,98000,66000,True,Tahun Baru Masehi,1
2026-01-01,bucket sip ,1,45000,25000,20000,True,Tahun Baru Masehi,1
2026-01-01,bouquet costum snack jumbo ,1,185000,122000,63000,True,Tahun Baru Masehi,1
2026-01-01,bouquet costum jepit kamboja ,1,64000,39000,25000,True,Tahun Baru Masehi,1
2026-01-01,bouquet red flower ,3,222000,126000,96000,True,Tahun Baru Masehi,1
2026-01-02,frame besar,1,78000,35000,43000,False,-,1
2026-01-02,bucket sip ,1,45000,25000,20000,False,-,1
2026-01-02,frame besar ,1,78000,35000,43000,False,-,1
2026-01-02,frame birthjday,1,78000,35000,43000,False,-,1
2026-01-02,frame besar,1,78000,35000,43000,False,-,1
2026-01-02,frame mini ,1,55000,25000,30000,False,-,1
2026-01-03,bucket sip ,1,45000,25000,20000,False,-,1
2026-01-03,frame besar ,1,78000,35000,43000,False,-,1
2026-01-03,frame mini ,1,55000,25000,30000,False,-,1
2026-01-03,frame valentine ,1,385000,175000,210000,False,-,1
2026-01-03,costum bouquet snack+ rokok ,1,140000,106000,34000,False,-,1
2026-01-03,boquet costum rokok ,1,128000,74000,54000,False,-,1
2026-01-04,bouquet red flower ,1,74000,42000,32000,False,-,1
2026-01-04,frame costum ,3,234000,105000,129000,False,-,1
2026-01-04,bouquet merah medium ,1,65000,35000,30000,False,-,1
2026-01-04,bucket sip ,1,45000,25000,20000,False,-,1
2026-01-04,bouquet rose isi 9,1,135000,67000,68000,False,-,1
2026-01-04,bouquet motif koran ,1,88000,53000,35000,False,-,1
2026-01-04,bouquet pocky ,1,84000,62000,22000,False,-,1
2026-01-04,bucket tumbelina koran ,1,88000,53000,35000,False,-,1
2026-01-04,bouquet costum snack jumbo ,1,185000,122000,63000,False,-,1
2026-01-05,frame besar ,2,156000,70000,86000,False,-,1
2026-01-05,bouquet costum merah ,1,135000,69000,66000,False,-,1
2026-01-05,bouquet snack  ,1,45000,25000,20000,False,-,1
2026-01-05,bouquet snack sip ,1,45000,25000,20000,False,-,1
2026-01-05,costum snack bouquet + flwr ,1,265000,197000,68000,False,-,1
2026-01-05,frame ,2,110000,50000,60000,False,-,1
2026-01-05,frame valentine besar ,1,468000,210000,258000,False,-,1
2026-01-05,bucket red costum ,1,79000,45000,34000,False,-,1
2026-01-05,bouquet costum foto ,1,60000,30000,30000,False,-,1
2026-01-06,bouquet kopi ,1,48000,28000,20000,False,-,1
2026-01-06,frame birthday besar ,1,78000,35000,43000,False,-,1
2026-01-06,bouquet koran tumbelinna ,1,88000,53000,35000,False,-,1
2026-01-06,bouquet warna ungu medium ,1,65000,35000,30000,False,-,1
2026-01-06,frame valentine ,1,385000,175000,210000,False,-,1
2026-01-06,bouquet isi 9 mawar ,1,135000,97000,38000,False,-,1
2026-01-07,bouquet rose isi 9,1,135000,67000,68000,False,-,1
2026-01-07,buckert costum rokok ,1,135000,103000,32000,False,-,1
2026-01-07,bucket costum rokok ,1,128000,72000,56000,False,-,1
2026-01-07,bouquet snack  ,3,135000,75000,60000,False,-,1
2026-01-07,bouquet merah medium ,2,130000,70000,60000,False,-,1
2026-01-07,bouquet jumbo mawar 100 pc ,3,1950000,963000,987000,False,-,1
2026-01-08,bouquet flower medium red ,1,65000,35000,30000,False,-,1
2026-01-08,bucket kopi ,1,50000,25000,25000,False,-,1
2026-01-08,bouquet costum foto ,1,60000,30000,30000,False,-,1
2026-01-08,bouquet kopi ,1,48000,28000,20000,False,-,1
2026-01-08,bouquet bang bang mix rokok ,1,138000,87000,51000,False,-,1
2026-01-09,bucket sip ,1,45000,25000,20000,False,-,1
2026-01-09,bouquet koran medium ,1,65000,38000,27000,False,-,1
2026-01-09,frame costum ,1,78000,35000,43000,False,-,1
2026-01-10,bouquet rose isi 9,2,270000,134000,136000,False,-,1
2026-01-10,bouquet costum merah ,1,135000,69000,66000,False,-,1
2026-01-10,frame birthday besar ,1,78000,35000,43000,False,-,1
2026-01-10,bouquet costum jepit kamboja ,1,64000,39000,25000,False,-,1
2026-01-10,bouquet silverqueen mini 4 ,1,110000,67000,43000,False,-,1
2026-01-10,bouquet blue 9 bunga ,1,135000,67000,68000,False,-,1
2026-01-10,bouquet isi 9 mawar ,1,135000,97000,38000,False,-,1
2026-01-11,bouquet snack tango ,1,50000,30000,20000,False,-,1
2026-01-11,bouquet rose isi 9,1,135000,67000,68000,False,-,1
2026-01-11,bouquet snack sip ,1,45000,25000,20000,False,-,1
2026-01-11,bucket sip ,1,45000,25000,20000,False,-,1
2026-01-11,bouquet koran tumbelinna ,3,264000,159000,105000,False,-,1
2026-01-11,frame costum ,1,78000,35000,43000,False,-,1
2026-01-11,frame valentine ,1,55000,25000,30000,False,-,1
2026-01-11,bouquet koran tumbelinna ,1,88000,53000,35000,False,-,1
2026-01-11,bouquet model koran tumbelina mini ,1,88000,53000,35000,False,-,1
2026-01-12,bouquet bunga coklat 3 ,1,125000,86000,39000,False,-,1
2026-01-12,bouquet jumbo mawar 100 pc ,1,650000,321000,329000,False,-,1
2026-01-12,bouquet rose isi 9,3,405000,201000,204000,False,-,1
2026-01-12,bucket kopi ,1,50000,25000,25000,False,-,1
2026-01-12,bouquet rose isi 9,1,135000,67000,68000,False,-,1
2026-01-12,frame costum ,1,78000,35000,43000,False,-,1
2026-01-12,frame valentine besar ,1,468000,210000,258000,False,-,1
2026-01-12,frame birthday ,3,234000,105000,129000,False,-,1
2026-01-13,bouquet motif koran ,1,88000,53000,35000,False,-,1
2026-01-13,bouquet snack  ,1,45000,25000,20000,False,-,1
2026-01-13,bouquet jumbo mawar 100 pc ,1,650000,321000,329000,False,-,1
2026-01-13,bouquet snack tango ,1,50000,30000,20000,False,-,1
2026-01-13,bucket costum rokok ,1,128000,72000,56000,False,-,1
2026-01-13,snack bouquet ,1,50000,25000,25000,False,-,1
2026-01-13,bouquet merah medium ,3,195000,105000,90000,False,-,1
2026-01-13,bouquet blue 9 bunga ,1,135000,67000,68000,False,-,1
2026-01-13,snack bouquet ,1,50000,25000,25000,False,-,1
2026-01-14,bouquet koran tumbelinna ,1,88000,53000,35000,False,-,1
2026-01-14,bouquet koran tumbelinna ,1,88000,53000,35000,False,-,1
2026-01-14,frame ,1,55000,25000,30000,False,-,1
2026-01-14,bouquet flower medium ,1,65000,38000,27000,False,-,1
2026-01-15,bouquet snack sip ,1,45000,25000,20000,False,-,1
2026-01-15,costum bouquet snack+ rokok ,1,140000,106000,34000,False,-,1
2026-01-15,bouquet pocky ,2,168000,124000,44000,False,-,1
2026-01-15,bouquet koran tumbelinna ,1,88000,53000,35000,False,-,1
2026-01-15,bouquet snack sip ,2,90000,50000,40000,False,-,1
2026-01-15,bouquet flower ,1,77000,54000,23000,False,-,1
2026-01-15,frame valentine ,1,55000,25000,30000,False,-,1
2026-01-16,bouquet rose isi 9,1,135000,67000,68000,False,-,1
2026-01-16,bouquet bunga mix snack top ,1,75000,48000,27000,False,-,1
2026-01-16,bucket red costum ,3,237000,135000,102000,False,-,1
2026-01-16,bucket tumbelina koran ,1,88000,53000,35000,False,-,1
2026-01-16,frame besar,1,78000,35000,43000,False,-,1
2026-01-17,bouquet koran medium ,1,65000,38000,27000,False,-,1
2026-01-17,bouquet silverqueen mini 4 ,1,110000,67000,43000,False,-,1
2026-01-17,bucket isi 9 bunga ,1,135000,67000,68000,False,-,1
2026-01-18,bouquet bunga mix snack top ,1,75000,48000,27000,False,-,1
2026-01-18,frame valentine ,1,385000,175000,210000,False,-,1
2026-01-18,bouquet koran tumbelinna ,1,88000,53000,35000,False,-,1
2026-01-18,frame birthday ,1,55000,25000,30000,False,-,1
2026-01-18,bouquet costum jepit kamboja ,1,64000,39000,25000,False,-,1
2026-01-18,bouquet flower ,1,77000,54000,23000,False,-,1
2026-01-18,bucket red costum ,1,79000,45000,34000,False,-,1
2026-01-18,bouquet bunga coklat 3 ,2,250000,172000,78000,False,-,1
2026-01-18,bouquet blue 9 bunga ,1,135000,67000,68000,False,-,1
2026-01-19,bouquet snack sip ,1,45000,25000,20000,False,-,1
2026-01-19,bouquet red flower ,1,74000,42000,32000,False,-,1
2026-01-19,bouquet blue 9 bunga ,1,135000,67000,68000,False,-,1
2026-01-19,costum snack bouquet + flwr ,1,265000,197000,68000,False,-,1
2026-01-19,bouquet flower costum ,1,82000,49000,33000,False,-,1
2026-01-19,frame valentine besar ,1,468000,210000,258000,False,-,1
2026-01-19,bouquet flower medium unggu ,1,65000,35000,30000,False,-,1
2026-01-20,bouquet costum jepit kamboja ,1,64000,39000,25000,False,-,1
2026-01-20,bucket costum rokok ,2,256000,144000,112000,False,-,1
2026-01-20,bucket isi 9 bunga ,1,135000,67000,68000,False,-,1
2026-01-20,bouquet flower ,3,231000,162000,69000,False,-,1
2026-01-20,bouquet koran costum isi 3bunga ,1,38000,15000,23000,False,-,1
2026-01-20,bouquet bunga mix snack top ,1,75000,48000,27000,False,-,1
2026-01-20,frame birthday ,1,78000,35000,43000,False,-,1
2026-01-20,bouquet koran costum isi 3bunga ,1,38000,15000,23000,False,-,1
2026-01-21,bouquet flower medium unggu ,1,65000,35000,30000,False,-,1
2026-01-21,bouquet flower medium red ,2,130000,70000,60000,False,-,1
2026-01-21,bouquet koran costum isi 3bunga ,1,38000,15000,23000,False,-,1
2026-01-21,bouquet silverqueen ,1,115000,73000,42000,False,-,1
2026-01-22,bouquet red flower ,1,74000,42000,32000,False,-,1
2026-01-22,bouquet pocky ,1,84000,62000,22000,False,-,1
2026-01-22,bouquet bunga mix snack top ,1,75000,48000,27000,False,-,1
2026-01-22,bouquet costum jepit kamboja ,1,64000,39000,25000,False,-,1
2026-01-22,bouquet kopii ,1,50000,25000,25000,False,-,1
2026-01-22,bucket red costum ,1,79000,45000,34000,False,-,1
2026-01-22,bouquet koran costum isi 3bunga ,1,38000,15000,23000,False,-,1
2026-01-22,frame birthjday,1,78000,35000,43000,False,-,1
2026-01-22,frame mini ,1,55000,25000,30000,False,-,1
2026-01-23,bucket red costum ,1,79000,45000,34000,False,-,1
2026-01-23,frame mini ,1,55000,25000,30000,False,-,1
2026-01-23,bucket kopi ,1,50000,25000,25000,False,-,1
2026-01-23,bucket costum rokok ,1,128000,72000,56000,False,-,1
2026-01-23,bouquet snack  ,1,45000,25000,20000,False,-,1
2026-01-24,frame valentine besar ,3,1404000,630000,774000,False,-,1
2026-01-24,bouquet snack tango ,1,50000,30000,20000,False,-,1
2026-01-24,bouquet snack tango ,1,50000,30000,20000,False,-,1
2026-01-25,bouquet koran tumbelinna ,1,88000,53000,35000,False,-,1
2026-01-25,bouquet flower medium red ,1,65000,35000,30000,False,-,1
2026-01-25,bouquet snack coklat mini ,1,45000,25000,20000,False,-,1
2026-01-25,bouquet bunga coklat 3 ,1,125000,86000,39000,False,-,1
2026-01-25,bouquet bunga mix snack top ,1,75000,48000,27000,False,-,1
2026-01-26,bouquet flower medium unggu ,1,65000,35000,30000,False,-,1
2026-01-26,costum snack bouquet + flwr ,1,265000,197000,68000,False,-,1
2026-01-26,bouquet warna ungu medium ,1,65000,35000,30000,False,-,1
2026-01-26,bouquet snack bangbang ,1,64000,37000,27000,False,-,1
2026-01-26,bouquet rose isi 9,2,270000,134000,136000,False,-,1
2026-01-26,bouquet koran medium ,1,65000,38000,27000,False,-,1
2026-01-26,bouquet kopi ,1,48000,28000,20000,False,-,1
2026-01-26,bouquet snack bangbang ,1,64000,37000,27000,False,-,1
2026-01-27,frame besar ,1,78000,35000,43000,False,-,1
2026-01-27,bouquet isi 9 mawar ,2,270000,194000,76000,False,-,1
2026-01-27,bouquet silverqueen ,1,115000,73000,42000,False,-,1
2026-01-28,boquet costum rokok ,1,128000,74000,54000,False,-,1
2026-01-28,bouquet kopi inc bunga mini ,1,55000,30000,25000,False,-,1
2026-01-28,bouquet snack bangbang ,1,64000,37000,27000,False,-,1
2026-01-28,bouquet snack  ,1,45000,25000,20000,False,-,1
2026-01-28,bouquet warna ungu medium ,1,65000,35000,30000,False,-,1
2026-01-28,bouquet rose isi 9,1,135000,67000,68000,False,-,1
2026-01-29,bouquet flower medium red ,1,65000,35000,30000,False,-,1
2026-01-29,bouquet silverqueen ,1,115000,73000,42000,False,-,1
2026-01-29,frame mini ,1,55000,25000,30000,False,-,1
2026-01-29,bouquet costum merah ,1,135000,69000,66000,False,-,1
2026-01-29,money bouquet ,1,75000,35000,40000,False,-,1
2026-01-29,frame costum ,1,78000,35000,43000,False,-,1
2026-01-29,frame besar ,1,78000,35000,43000,False,-,1
2026-01-30,frame valentine ,1,55000,25000,30000,False,-,1
2026-01-30,bouquet red flower ,1,74000,42000,32000,False,-,1
2026-01-30,bouquet bang bang mix rokok ,1,138000,87000,51000,False,-,1
2026-01-30,bouquet snack tango ,1,50000,30000,20000,False,-,1
2026-01-30,bouquet flower medium ,1,65000,38000,27000,False,-,1
2026-01-30,bouquet rose isi 9,1,135000,67000,68000,False,-,1
2026-01-30,bouquet costum merah ,1,135000,69000,66000,False,-,1
2026-01-31,bucket isi 9 bunga ,1,135000,67000,68000,False,-,1
2026-01-31,bucket isi 9 bunga ,1,135000,67000,68000,False,-,1
2026-01-31,bucket tumbelina koran ,1,88000,53000,35000,False,-,1
2026-01-31,bouquet flower medium unggu ,1,65000,35000,30000,False,-,1
2026-01-31,bouquet isi 9 mawar ,1,135000,97000,38000,False,-,1
2026-01-31,frame birthday ,3,165000,75000,90000,False,-,1
2026-01-31,bouquet snack bangbang ,1,64000,37000,27000,False,-,1
2026-02-01,bouquet koran costum isi 3bunga ,1,38000,15000,23000,False,-,2
2026-02-01,frame valentine ,1,385000,175000,210000,False,-,2
2026-02-01,bouquet kopi inc bunga mini ,1,55000,30000,25000,False,-,2
2026-02-01,bucket red costum ,3,237000,135000,102000,False,-,2
2026-02-01,bouquet kopi ,1,48000,28000,20000,False,-,2
2026-02-02,frame valentine ,1,55000,25000,30000,False,-,2
2026-02-02,bouquet koran tumbelinna ,3,264000,159000,105000,False,-,2
2026-02-02,bouquet motif koran ,1,88000,53000,35000,False,-,2
2026-02-02,bouquet red flower ,1,74000,42000,32000,False,-,2
2026-02-03,bouquet rose isi 9,1,135000,67000,68000,False,-,2
2026-02-03,frame mini ,1,55000,25000,30000,False,-,2
2026-02-03,bouquet model koran tumbelina mini ,1,88000,53000,35000,False,-,2
2026-02-03,bouquet snack bangbang ,1,64000,37000,27000,False,-,2
2026-02-03,bouquet silverqueen ,1,115000,73000,42000,False,-,2
2026-02-03,boquet costum rokok ,1,128000,74000,54000,False,-,2
2026-02-03,bucket costum rokok ,1,128000,72000,56000,False,-,2
2026-02-03,bouquet motif koran ,1,88000,53000,35000,False,-,2
2026-02-04,frame birthday ,1,55000,25000,30000,False,-,2
2026-02-04,frame besar,1,78000,35000,43000,False,-,2
2026-02-04,bouquet tumbelina koran ,1,88000,53000,35000,False,-,2
2026-02-04,bouquet snack tango ,1,50000,30000,20000,False,-,2
2026-02-04,bouquet costum snack jumbo ,1,185000,122000,63000,False,-,2
2026-02-04,bouquet motif koran ,1,88000,53000,35000,False,-,2
2026-02-04,frame ,1,55000,25000,30000,False,-,2
2026-02-04,bouquet snack sip ,3,135000,75000,60000,False,-,2
2026-02-05,bouquet kopi ,1,48000,28000,20000,False,-,2
2026-02-05,bouquet motif koran ,1,88000,53000,35000,False,-,2
2026-02-05,bouquet silverqueen ,1,115000,73000,42000,False,-,2
2026-02-06,bouquet bunga mix snack top ,1,75000,48000,27000,False,-,2
2026-02-06,frame birthjday,2,156000,70000,86000,False,-,2
2026-02-06,frame birthday ,3,234000,105000,129000,False,-,2
2026-02-07,frame besar ,1,78000,35000,43000,False,-,2
2026-02-07,bouquet blue 9 bunga ,1,135000,67000,68000,False,-,2
2026-02-07,frame besar ,1,78000,35000,43000,False,-,2
2026-02-07,bouquet costum foto ,1,60000,30000,30000,False,-,2
2026-02-08,frame ,1,55000,25000,30000,False,-,2
2026-02-08,bouquet warna ungu medium ,1,65000,35000,30000,False,-,2
2026-02-08,frame birthjday,1,78000,35000,43000,False,-,2
2026-02-09,bouquet costum merah ,1,135000,69000,66000,False,-,2
2026-02-09,bouquet red flower ,1,74000,42000,32000,False,-,2
2026-02-09,bouquet rose isi 9,1,135000,67000,68000,False,-,2
2026-02-09,bouquet warna ungu medium ,1,65000,35000,30000,False,-,2
2026-02-09,bouquet snack bangbang ,1,64000,37000,27000,False,-,2
2026-02-10,bouquet costum jepit kamboja ,2,128000,78000,50000,False,-,2
2026-02-10,frame besar,1,78000,35000,43000,False,-,2
2026-02-10,bouquet snack  ,1,45000,25000,20000,False,-,2
2026-02-10,bouquet silverqueen ,2,230000,146000,84000,False,-,2
2026-02-10,frame besar,1,78000,35000,43000,False,-,2
2026-02-10,bouquet costum merah ,1,135000,69000,66000,False,-,2
2026-02-10,money bouquet ,1,75000,35000,40000,False,-,2
2026-02-11,frame besar,1,78000,35000,43000,False,-,2
2026-02-11,bouquet isi 9 mawar ,1,135000,97000,38000,False,-,2
2026-02-11,bouquet pocky ,1,84000,62000,22000,False,-,2
2026-02-11,bucket kopi ,1,50000,25000,25000,False,-,2
2026-02-11,bouquet model koran tumbelina mini ,1,88000,53000,35000,False,-,2
2026-02-11,bouquet isi 9 mawar ,1,135000,97000,38000,False,-,2
2026-02-11,bouquet kopii ,3,150000,75000,75000,False,-,2
2026-02-11,frame mini ,1,55000,25000,30000,False,-,2
2026-02-11,bouquet silverqueen ,1,115000,73000,42000,False,-,2
2026-02-12,bucket isi 9 bunga ,1,135000,67000,68000,False,-,2
2026-02-12,bouquet bang bang mix rokok ,1,138000,87000,51000,False,-,2
2026-02-12,frame besar,1,78000,35000,43000,False,-,2
2026-02-12,snack bouquet ,1,50000,25000,25000,False,-,2
2026-02-12,money bouquet ,1,75000,35000,40000,False,-,2
2026-02-12,bouquet snack sip ,1,45000,25000,20000,False,-,2
2026-02-12,frame valentine ,1,385000,175000,210000,False,-,2
2026-02-13,bouquet costum snack jumbo ,1,185000,122000,63000,False,-,2
2026-02-13,bouquet costum snack jumbo ,1,185000,122000,63000,False,-,2
2026-02-13,frame mini ,1,55000,25000,30000,False,-,2
2026-02-13,boquet costum rokok ,1,128000,74000,54000,False,-,2
2026-02-13,frame valentine ,1,385000,175000,210000,False,-,2
2026-02-13,bouquet koran medium ,1,65000,38000,27000,False,-,2
2026-02-13,frame mini ,3,165000,75000,90000,False,-,2
2026-02-14,bouquet red flower ,2,148000,84000,64000,True,Valentine,2
2026-02-14,bouquet blue 9 bunga ,1,135000,67000,68000,True,Valentine,2
2026-02-14,bouquet model koran tumbelina mini ,1,88000,53000,35000,True,Valentine,2
2026-02-14,bouquet pocky ,1,84000,62000,22000,True,Valentine,2
2026-02-14,bucket red costum ,1,79000,45000,34000,True,Valentine,2
2026-02-14,buckert costum rokok ,1,135000,103000,32000,True,Valentine,2
2026-02-14,bouquet snack tango ,1,50000,30000,20000,True,Valentine,2
2026-02-14,bouquet bang bang mix rokok ,1,138000,87000,51000,True,Valentine,2
2026-02-14,frame valentine besar ,1,468000,210000,258000,True,Valentine,2
2026-02-14,bouquet bang bang mix rokok ,1,138000,87000,51000,True,Valentine,2
2026-02-14,bouquet snack coklat mini ,1,45000,25000,20000,True,Valentine,2
2026-02-14,bouquet koran costum isi 3bunga ,1,38000,15000,23000,True,Valentine,2
2026-02-14,bouquet flower medium unggu ,1,65000,35000,30000,True,Valentine,2
2026-02-14,frame birthjday,1,78000,35000,43000,True,Valentine,2
2026-02-14,frame besar,1,78000,35000,43000,True,Valentine,2
2026-02-14,bouquet snack  ,1,45000,25000,20000,True,Valentine,2
2026-02-14,bucket red costum ,1,79000,45000,34000,True,Valentine,2
2026-02-14,bouquet koran tumbelinna ,1,88000,53000,35000,True,Valentine,2
2026-02-14,frame valentine besar ,1,468000,210000,258000,True,Valentine,2
2026-02-14,bucket sip ,1,45000,25000,20000,True,Valentine,2
2026-02-14,frame birthday besar ,1,78000,35000,43000,True,Valentine,2
2026-02-14,bouquet pocky ,2,168000,124000,44000,True,Valentine,2
2026-02-14,bouquet model koran tumbelina mini ,1,88000,53000,35000,True,Valentine,2
2026-02-14,frame mini ,1,55000,25000,30000,True,Valentine,2
2026-02-14,costum bouquet snack+ rokok ,1,140000,106000,34000,True,Valentine,2
2026-02-14,money bouquet ,1,75000,35000,40000,True,Valentine,2
2026-02-14,bouquet pocky ,1,84000,62000,22000,True,Valentine,2
2026-02-14,bucket sip ,3,135000,75000,60000,True,Valentine,2
2026-02-14,bouquet snack  ,1,45000,25000,20000,True,Valentine,2
2026-02-14,frame mini ,1,55000,25000,30000,True,Valentine,2
2026-02-14,bucket isi 9 bunga ,1,135000,67000,68000,True,Valentine,2
2026-02-14,bucket tumbelina koran ,1,88000,53000,35000,True,Valentine,2
2026-02-14,bouquet snack coklat mini ,1,45000,25000,20000,True,Valentine,2
2026-02-14,frame valentine besar ,1,468000,210000,258000,True,Valentine,2
2026-02-14,bouquet koran costum isi 3bunga ,1,38000,15000,23000,True,Valentine,2
2026-02-14,bouquet blue 9 bunga ,1,135000,67000,68000,True,Valentine,2
2026-02-14,costum snack bouquet + flwr ,1,265000,197000,68000,True,Valentine,2
2026-02-14,bouquet rose isi 9,1,135000,67000,68000,True,Valentine,2
2026-02-14,bouquet pocky ,1,84000,62000,22000,True,Valentine,2
2026-02-14,bouquet koran costum isi 3bunga ,1,38000,15000,23000,True,Valentine,2
2026-02-14,bouquet jumbo mawar 100 pc ,1,650000,321000,329000,True,Valentine,2
2026-02-14,bouquet flower costum ,1,82000,49000,33000,True,Valentine,2
2026-02-14,bouquet snack coklat mini ,1,45000,25000,20000,True,Valentine,2
2026-02-14,bouquet flower medium red ,1,65000,35000,30000,True,Valentine,2
2026-02-14,bouquet blue 9 bunga ,1,135000,67000,68000,True,Valentine,2
2026-02-14,bouquet warna ungu medium ,1,65000,35000,30000,True,Valentine,2
2026-02-14,frame mini ,1,55000,25000,30000,True,Valentine,2
2026-02-14,bucket kopi ,1,50000,25000,25000,True,Valentine,2
2026-02-14,bucket sip ,1,45000,25000,20000,True,Valentine,2
2026-02-14,boquet costum rokok ,1,128000,74000,54000,True,Valentine,2
2026-02-14,snack bouquet ,1,50000,25000,25000,True,Valentine,2
2026-02-14,bouquet koran tumbelinna ,1,88000,53000,35000,True,Valentine,2
2026-02-14,costum snack bouquet + flwr ,1,265000,197000,68000,True,Valentine,2
2026-02-14,bouquet koran costum isi 3bunga ,1,38000,15000,23000,True,Valentine,2
2026-02-14,bucket costum rokok ,1,128000,72000,56000,True,Valentine,2
2026-02-14,bouquet kopi inc bunga mini ,1,55000,30000,25000,True,Valentine,2
2026-02-14,bouquet snack tango ,3,150000,90000,60000,True,Valentine,2
2026-02-14,frame valentine ,1,385000,175000,210000,True,Valentine,2
2026-02-14,bucket red costum ,1,79000,45000,34000,True,Valentine,2
2026-02-14,bouquet flower ,1,77000,54000,23000,True,Valentine,2
2026-02-14,bouquet flower medium red ,1,65000,35000,30000,True,Valentine,2
2026-02-14,frame birthday besar ,1,78000,35000,43000,True,Valentine,2
2026-02-14,bouquet bang bang mix rokok ,1,138000,87000,51000,True,Valentine,2
2026-02-14,frame birthday besar ,1,78000,35000,43000,True,Valentine,2
2026-02-14,frame besar,1,78000,35000,43000,True,Valentine,2
2026-02-14,bouquet snack  ,1,45000,25000,20000,True,Valentine,2
2026-02-14,bouquet bunga coklat 3 ,1,125000,86000,39000,True,Valentine,2
2026-02-14,bouquet snack coklat mini ,1,45000,25000,20000,True,Valentine,2
2026-02-14,bouquet warna ungu medium ,3,195000,105000,90000,True,Valentine,2
2026-02-14,bouquet flower ,1,77000,54000,23000,True,Valentine,2
2026-02-14,bouquet costum snack jumbo ,1,185000,122000,63000,True,Valentine,2
2026-02-14,bouquet pocky ,1,84000,62000,22000,True,Valentine,2
2026-02-14,frame birthjday,2,156000,70000,86000,True,Valentine,2
2026-02-14,bouquet flower medium red ,1,65000,35000,30000,True,Valentine,2
2026-02-14,boquet costum rokok ,1,128000,74000,54000,True,Valentine,2
2026-02-14,bouquet blue 9 bunga ,1,135000,67000,68000,True,Valentine,2
2026-02-14,bucket kopi ,1,50000,25000,25000,True,Valentine,2
2026-02-14,bouquet bunga mix snack top ,1,75000,48000,27000,True,Valentine,2
2026-02-14,frame valentine ,1,55000,25000,30000,True,Valentine,2
2026-02-14,bouquet motif koran ,1,88000,53000,35000,True,Valentine,2
2026-02-14,bouquet kopii ,3,150000,75000,75000,True,Valentine,2
2026-02-14,bouquet snack coklat mini ,1,45000,25000,20000,True,Valentine,2
2026-02-14,bouquet bunga coklat 3 ,1,125000,86000,39000,True,Valentine,2
2026-02-14,snack bouquet ,1,50000,25000,25000,True,Valentine,2
2026-02-14,frame ,1,55000,25000,30000,True,Valentine,2
2026-02-14,bouquet kopi inc bunga mini ,1,55000,30000,25000,True,Valentine,2
2026-02-14,bouquet snack  ,1,45000,25000,20000,True,Valentine,2
2026-02-14,bucket isi 9 bunga ,1,135000,67000,68000,True,Valentine,2
2026-02-14,bouquet model koran tumbelina mini ,3,264000,159000,105000,True,Valentine,2
2026-02-14,snack bouquet ,1,50000,25000,25000,True,Valentine,2
2026-02-14,bucket costum rokok ,1,128000,72000,56000,True,Valentine,2
2026-02-14,bucket kopi ,2,100000,50000,50000,True,Valentine,2
2026-02-14,frame ,3,165000,75000,90000,True,Valentine,2
2026-02-14,bouquet snack tango ,1,50000,30000,20000,True,Valentine,2
2026-02-14,frame mini ,1,55000,25000,30000,True,Valentine,2
2026-02-14,frame besar,1,78000,35000,43000,True,Valentine,2
2026-02-14,bouquet koran tumbelinna ,1,88000,53000,35000,True,Valentine,2
2026-02-14,bucket kopi ,1,50000,25000,25000,True,Valentine,2
2026-02-14,bouquet model koran tumbelina mini ,1,88000,53000,35000,True,Valentine,2
2026-02-14,bouquet flower medium unggu ,1,65000,35000,30000,True,Valentine,2
2026-02-14,frame besar ,1,78000,35000,43000,True,Valentine,2
2026-02-14,frame valentine besar ,1,468000,210000,258000,True,Valentine,2
2026-02-14,bouquet warna ungu medium ,3,195000,105000,90000,True,Valentine,2
2026-02-14,frame valentine besar ,1,468000,210000,258000,True,Valentine,2
2026-02-14,bucket tumbelina koran ,1,88000,53000,35000,True,Valentine,2
2026-02-14,costum bouquet snack+ rokok ,1,140000,106000,34000,True,Valentine,2
2026-02-14,bouquet tumbelina koran ,1,88000,53000,35000,True,Valentine,2
2026-02-14,bouquet jumbo mawar 100 pc ,1,650000,321000,329000,True,Valentine,2
2026-02-14,bouquet red flower ,1,74000,42000,32000,True,Valentine,2
2026-02-14,bouquet isi 9 mawar ,1,135000,97000,38000,True,Valentine,2
2026-02-14,bucket red costum ,1,79000,45000,34000,True,Valentine,2
2026-02-14,bouquet snack sip ,1,45000,25000,20000,True,Valentine,2
2026-02-14,bouquet costum snack jumbo ,1,185000,122000,63000,True,Valentine,2
2026-02-14,bouquet blue 9 bunga ,1,135000,67000,68000,True,Valentine,2
2026-02-14,bouquet pocky ,1,84000,62000,22000,True,Valentine,2
2026-02-14,bouquet warna ungu medium ,1,65000,35000,30000,True,Valentine,2
2026-02-14,bouquet flower costum ,1,82000,49000,33000,True,Valentine,2
2026-02-14,bouquet flower medium ,1,65000,38000,27000,True,Valentine,2
2026-02-14,bouquet silverqueen mini 4 ,1,110000,67000,43000,True,Valentine,2
2026-02-14,bouquet motif koran ,1,88000,53000,35000,True,Valentine,2
2026-02-14,bouquet snack  ,1,45000,25000,20000,True,Valentine,2
2026-02-14,bouquet blue 9 bunga ,1,135000,67000,68000,True,Valentine,2
2026-02-14,costum bouquet snack+ rokok ,1,140000,106000,34000,True,Valentine,2
2026-02-14,frame ,1,55000,25000,30000,True,Valentine,2
2026-02-14,bouquet bunga coklat 3 ,1,125000,86000,39000,True,Valentine,2
2026-02-14,frame mini ,1,55000,25000,30000,True,Valentine,2
2026-02-14,bouquet snack bangbang ,1,64000,37000,27000,True,Valentine,2
2026-02-14,frame valentine besar ,1,468000,210000,258000,True,Valentine,2
2026-02-14,snack bouquet ,1,50000,25000,25000,True,Valentine,2
2026-02-14,bouquet snack  ,1,45000,25000,20000,True,Valentine,2
2026-02-14,bucket costum rokok ,1,128000,72000,56000,True,Valentine,2
2026-02-14,bouquet blue 9 bunga ,1,135000,67000,68000,True,Valentine,2
2026-02-14,snack bouquet ,1,50000,25000,25000,True,Valentine,2
2026-02-14,bucket red costum ,1,79000,45000,34000,True,Valentine,2
2026-02-14,frame mini ,1,55000,25000,30000,True,Valentine,2
2026-02-14,bouquet silverqueen ,1,115000,73000,42000,True,Valentine,2
2026-02-14,bouquet bunga coklat 3 ,1,125000,86000,39000,True,Valentine,2
2026-02-14,bucket kopi ,1,50000,25000,25000,True,Valentine,2
2026-02-14,costum bouquet snack+ rokok ,1,140000,106000,34000,True,Valentine,2
2026-02-14,snack bouquet ,1,50000,25000,25000,True,Valentine,2
2026-02-14,bouquet kopi ,1,48000,28000,20000,True,Valentine,2
2026-02-14,frame costum ,2,156000,70000,86000,True,Valentine,2
2026-02-14,bouquet tumbelina koran ,1,88000,53000,35000,True,Valentine,2
2026-02-14,bouquet costum foto ,1,60000,30000,30000,True,Valentine,2
2026-02-14,bouquet snack bangbang ,1,64000,37000,27000,True,Valentine,2
2026-02-14,bouquet snack sip ,1,45000,25000,20000,True,Valentine,2
2026-02-14,bouquet flower costum ,1,82000,49000,33000,True,Valentine,2
2026-02-14,bouquet flower medium red ,1,65000,35000,30000,True,Valentine,2
2026-02-14,bouquet costum merah ,1,135000,69000,66000,True,Valentine,2
2026-02-14,frame besar,1,78000,35000,43000,True,Valentine,2
2026-02-14,bucket kopi ,1,50000,25000,25000,True,Valentine,2
2026-02-14,bouquet flower costum ,3,246000,147000,99000,True,Valentine,2
2026-02-14,frame birthjday,1,78000,35000,43000,True,Valentine,2
2026-02-14,bouquet tumbelina koran ,1,88000,53000,35000,True,Valentine,2
2026-02-14,bouquet costum foto ,1,60000,30000,30000,True,Valentine,2
2026-02-14,frame birthday ,3,234000,105000,129000,True,Valentine,2
2026-02-14,bouquet costum snack jumbo ,1,185000,122000,63000,True,Valentine,2
2026-02-14,bouquet flower ,1,77000,54000,23000,True,Valentine,2
2026-02-14,bouquet red flower ,1,74000,42000,32000,True,Valentine,2
2026-02-14,bouquet bunga mix snack top ,1,75000,48000,27000,True,Valentine,2
2026-02-14,bucket tumbelina koran ,1,88000,53000,35000,True,Valentine,2
2026-02-14,frame ,1,55000,25000,30000,True,Valentine,2
2026-02-14,bouquet model koran tumbelina mini ,1,88000,53000,35000,True,Valentine,2
2026-02-14,bouquet kopii ,1,50000,25000,25000,True,Valentine,2
2026-02-14,costum snack bouquet + flwr ,1,265000,197000,68000,True,Valentine,2
2026-02-14,bouquet koran tumbelinna ,1,88000,53000,35000,True,Valentine,2
2026-02-14,frame valentine ,1,385000,175000,210000,True,Valentine,2
2026-02-14,bouquet kopi ,1,48000,28000,20000,True,Valentine,2
2026-02-14,bouquet merah medium ,1,65000,35000,30000,True,Valentine,2
2026-02-14,bouquet flower costum ,3,246000,147000,99000,True,Valentine,2
2026-02-14,bouquet bang bang mix rokok ,2,276000,174000,102000,True,Valentine,2
2026-02-14,frame birthday ,1,55000,25000,30000,True,Valentine,2
2026-02-14,bouquet merah medium ,1,65000,35000,30000,True,Valentine,2
2026-02-14,bouquet kopi ,1,48000,28000,20000,True,Valentine,2
2026-02-14,frame besar,1,78000,35000,43000,True,Valentine,2
2026-02-14,costum snack bouquet + flwr ,1,265000,197000,68000,True,Valentine,2
2026-02-14,bouquet pocky ,1,84000,62000,22000,True,Valentine,2
2026-02-14,bouquet tumbelina koran ,1,88000,53000,35000,True,Valentine,2
2026-02-14,bouquet silverqueen mini 4 ,3,330000,201000,129000,True,Valentine,2
2026-02-14,bouquet snack bangbang ,1,64000,37000,27000,True,Valentine,2
2026-02-14,bouquet koran tumbelinna ,1,88000,53000,35000,True,Valentine,2
2026-02-14,bucket sip ,1,45000,25000,20000,True,Valentine,2
2026-02-14,bouquet bunga coklat 3 ,1,125000,86000,39000,True,Valentine,2
2026-02-14,costum snack bouquet + flwr ,1,265000,197000,68000,True,Valentine,2
2026-02-14,frame birthday besar ,3,234000,105000,129000,True,Valentine,2
2026-02-14,bouquet costum jepit kamboja ,2,128000,78000,50000,True,Valentine,2
2026-02-14,frame valentine ,1,55000,25000,30000,True,Valentine,2
2026-02-14,bouquet flower medium ,1,65000,38000,27000,True,Valentine,2
2026-02-14,costum snack bouquet + flwr ,1,265000,197000,68000,True,Valentine,2
2026-02-14,frame valentine ,1,55000,25000,30000,True,Valentine,2
2026-02-14,snack bouquet ,1,50000,25000,25000,True,Valentine,2
2026-02-14,bouquet silverqueen mini 4 ,1,110000,67000,43000,True,Valentine,2
2026-02-14,bouquet koran tumbelinna ,3,264000,159000,105000,True,Valentine,2
2026-02-14,bouquet flower costum ,1,82000,49000,33000,True,Valentine,2
2026-02-14,costum snack bouquet + flwr ,1,265000,197000,68000,True,Valentine,2
2026-02-14,frame birthday besar ,1,78000,35000,43000,True,Valentine,2
2026-02-14,bouquet isi 9 mawar ,1,135000,97000,38000,True,Valentine,2
2026-02-14,frame birthday besar ,1,78000,35000,43000,True,Valentine,2
2026-02-14,bouquet kopi inc bunga mini ,3,165000,90000,75000,True,Valentine,2
2026-02-14,bouquet kopi inc bunga mini ,1,55000,30000,25000,True,Valentine,2
2026-02-14,bouquet isi 9 mawar ,1,135000,97000,38000,True,Valentine,2
2026-02-14,bucket costum rokok ,1,128000,72000,56000,True,Valentine,2
2026-02-14,bouquet merah medium ,2,130000,70000,60000,True,Valentine,2
2026-02-14,bouquet snack bangbang ,1,64000,37000,27000,True,Valentine,2
2026-02-14,bouquet flower medium ,3,195000,114000,81000,True,Valentine,2
2026-02-14,frame besar ,1,78000,35000,43000,True,Valentine,2
2026-02-14,bouquet costum merah ,3,405000,207000,198000,True,Valentine,2
2026-02-14,bouquet costum merah ,1,135000,69000,66000,True,Valentine,2
2026-02-14,bouquet snack bangbang ,1,64000,37000,27000,True,Valentine,2
2026-02-14,bouquet motif koran ,1,88000,53000,35000,True,Valentine,2
2026-02-14,money bouquet ,1,75000,35000,40000,True,Valentine,2
2026-02-14,boquet costum rokok ,1,128000,74000,54000,True,Valentine,2
2026-02-14,bouquet isi 9 mawar ,1,135000,97000,38000,True,Valentine,2
2026-02-14,bouquet flower medium red ,1,65000,35000,30000,True,Valentine,2
2026-02-14,frame birthday besar ,3,234000,105000,129000,True,Valentine,2
2026-02-14,frame mini ,1,55000,25000,30000,True,Valentine,2
2026-02-14,bucket isi 9 bunga ,1,135000,67000,68000,True,Valentine,2
2026-02-14,frame birthday ,1,78000,35000,43000,True,Valentine,2
2026-02-14,bucket isi 9 bunga ,1,135000,67000,68000,True,Valentine,2
2026-02-14,snack bouquet ,1,50000,25000,25000,True,Valentine,2
2026-02-14,bouquet costum jepit kamboja ,1,64000,39000,25000,True,Valentine,2
2026-02-14,bouquet koran medium ,1,65000,38000,27000,True,Valentine,2
2026-02-14,bouquet flower medium unggu ,1,65000,35000,30000,True,Valentine,2
2026-02-14,bouquet koran medium ,1,65000,38000,27000,True,Valentine,2
2026-02-14,bouquet tumbelina koran ,1,88000,53000,35000,True,Valentine,2
2026-02-15,bouquet koran tumbelinna ,1,88000,53000,35000,False,-,2
2026-02-15,bouquet bunga mix snack top ,1,75000,48000,27000,False,-,2
2026-02-15,bouquet snack sip ,1,45000,25000,20000,False,-,2
2026-02-15,bouquet costum jepit kamboja ,1,64000,39000,25000,False,-,2
2026-02-15,bucket sip ,1,45000,25000,20000,False,-,2
2026-02-15,bouquet flower costum ,1,82000,49000,33000,False,-,2
2026-02-15,bouquet rose isi 9,1,135000,67000,68000,False,-,2
2026-02-16,frame besar,1,78000,35000,43000,False,-,2
2026-02-16,bucket isi 9 bunga ,1,135000,67000,68000,False,-,2
2026-02-16,bucket isi 9 bunga ,1,135000,67000,68000,False,-,2
2026-02-16,bouquet koran tumbelinna ,1,88000,53000,35000,False,-,2
2026-02-16,bouquet kopi inc bunga mini ,1,55000,30000,25000,False,-,2
2026-02-16,bouquet jumbo mawar 100 pc ,1,650000,321000,329000,False,-,2
2026-02-16,bouquet flower costum ,2,164000,98000,66000,False,-,2
2026-02-16,bouquet snack coklat mini ,1,45000,25000,20000,False,-,2
2026-02-17,frame besar ,1,78000,35000,43000,True,Tahun Baru Imlek,2
2026-02-17,costum snack bouquet + flwr ,1,265000,197000,68000,True,Tahun Baru Imlek,2
2026-02-17,bouquet costum merah ,1,135000,69000,66000,True,Tahun Baru Imlek,2
2026-02-17,bouquet kopi inc bunga mini ,1,55000,30000,25000,True,Tahun Baru Imlek,2
2026-02-17,bouquet costum foto ,1,60000,30000,30000,True,Tahun Baru Imlek,2
2026-02-17,bouquet flower medium red ,1,65000,35000,30000,True,Tahun Baru Imlek,2
2026-02-17,bouquet silverqueen ,1,115000,73000,42000,True,Tahun Baru Imlek,2
2026-02-17,frame birthday ,1,78000,35000,43000,True,Tahun Baru Imlek,2
2026-02-17,bouquet jumbo mawar 100 pc ,1,650000,321000,329000,True,Tahun Baru Imlek,2
2026-02-17,bouquet koran medium ,1,65000,38000,27000,True,Tahun Baru Imlek,2
2026-02-17,bouquet model koran tumbelina mini ,3,264000,159000,105000,True,Tahun Baru Imlek,2
2026-02-17,frame birthjday,1,78000,35000,43000,True,Tahun Baru Imlek,2
2026-02-17,frame valentine ,1,55000,25000,30000,True,Tahun Baru Imlek,2
2026-02-17,bouquet costum merah ,1,135000,69000,66000,True,Tahun Baru Imlek,2
2026-02-17,bouquet costum jepit kamboja ,1,64000,39000,25000,True,Tahun Baru Imlek,2
2026-02-17,bouquet pocky ,1,84000,62000,22000,True,Tahun Baru Imlek,2
2026-02-17,bouquet merah medium ,1,65000,35000,30000,True,Tahun Baru Imlek,2
2026-02-17,bouquet model koran tumbelina mini ,1,88000,53000,35000,True,Tahun Baru Imlek,2
2026-02-17,bouquet silverqueen ,1,115000,73000,42000,True,Tahun Baru Imlek,2
2026-02-17,bouquet koran medium ,2,130000,76000,54000,True,Tahun Baru Imlek,2
2026-02-17,costum bouquet snack+ rokok ,1,140000,106000,34000,True,Tahun Baru Imlek,2
2026-02-17,bucket sip ,1,45000,25000,20000,True,Tahun Baru Imlek,2
2026-02-17,bouquet isi 9 mawar ,1,135000,97000,38000,True,Tahun Baru Imlek,2
2026-02-17,frame birthday besar ,1,78000,35000,43000,True,Tahun Baru Imlek,2
2026-02-17,bouquet snack tango ,1,50000,30000,20000,True,Tahun Baru Imlek,2
2026-02-17,bouquet flower medium unggu ,1,65000,35000,30000,True,Tahun Baru Imlek,2
2026-02-17,costum bouquet snack+ rokok ,1,140000,106000,34000,True,Tahun Baru Imlek,2
2026-02-17,bouquet silverqueen ,1,115000,73000,42000,True,Tahun Baru Imlek,2
2026-02-17,frame birthjday,1,78000,35000,43000,True,Tahun Baru Imlek,2
2026-02-17,bouquet silverqueen mini 4 ,1,110000,67000,43000,True,Tahun Baru Imlek,2
2026-02-17,bouquet motif koran ,1,88000,53000,35000,True,Tahun Baru Imlek,2
2026-02-17,bouquet koran medium ,1,65000,38000,27000,True,Tahun Baru Imlek,2
2026-02-17,bouquet costum jepit kamboja ,3,192000,117000,75000,True,Tahun Baru Imlek,2
2026-02-17,bouquet snack tango ,1,50000,30000,20000,True,Tahun Baru Imlek,2
2026-02-17,bouquet costum jepit kamboja ,1,64000,39000,25000,True,Tahun Baru Imlek,2
2026-02-17,frame birthday ,1,78000,35000,43000,True,Tahun Baru Imlek,2
2026-02-17,bucket tumbelina koran ,1,88000,53000,35000,True,Tahun Baru Imlek,2
2026-02-17,bouquet koran tumbelinna ,2,176000,106000,70000,True,Tahun Baru Imlek,2
2026-02-17,bouquet pocky ,1,84000,62000,22000,True,Tahun Baru Imlek,2
2026-02-17,bouquet bunga coklat 3 ,1,125000,86000,39000,True,Tahun Baru Imlek,2
2026-02-17,bouquet pocky ,1,84000,62000,22000,True,Tahun Baru Imlek,2
2026-02-17,bucket kopi ,1,50000,25000,25000,True,Tahun Baru Imlek,2
2026-02-17,frame ,1,55000,25000,30000,True,Tahun Baru Imlek,2
2026-02-17,bucket isi 9 bunga ,1,135000,67000,68000,True,Tahun Baru Imlek,2
2026-02-17,frame valentine ,1,55000,25000,30000,True,Tahun Baru Imlek,2
2026-02-17,frame birthday ,1,55000,25000,30000,True,Tahun Baru Imlek,2
2026-02-17,bouquet snack coklat mini ,1,45000,25000,20000,True,Tahun Baru Imlek,2
2026-02-17,bucket costum rokok ,1,128000,72000,56000,True,Tahun Baru Imlek,2
2026-02-17,bouquet bunga mix snack top ,1,75000,48000,27000,True,Tahun Baru Imlek,2
2026-02-17,bouquet snack tango ,1,50000,30000,20000,True,Tahun Baru Imlek,2
2026-02-17,bucket isi 9 bunga ,1,135000,67000,68000,True,Tahun Baru Imlek,2
2026-02-17,bouquet blue 9 bunga ,3,405000,201000,204000,True,Tahun Baru Imlek,2
2026-02-17,frame costum ,1,78000,35000,43000,True,Tahun Baru Imlek,2
2026-02-17,bouquet jumbo mawar 100 pc ,1,650000,321000,329000,True,Tahun Baru Imlek,2
2026-02-17,money bouquet ,1,75000,35000,40000,True,Tahun Baru Imlek,2
2026-02-17,frame birthday ,3,234000,105000,129000,True,Tahun Baru Imlek,2
2026-02-17,bouquet kopi inc bunga mini ,1,55000,30000,25000,True,Tahun Baru Imlek,2
2026-02-17,bouquet model koran tumbelina mini ,2,176000,106000,70000,True,Tahun Baru Imlek,2
2026-02-17,bouquet bunga coklat 3 ,1,125000,86000,39000,True,Tahun Baru Imlek,2
2026-02-17,bouquet flower medium red ,1,65000,35000,30000,True,Tahun Baru Imlek,2
2026-02-17,bouquet koran costum isi 3bunga ,1,38000,15000,23000,True,Tahun Baru Imlek,2
2026-02-17,bouquet flower medium red ,1,65000,35000,30000,True,Tahun Baru Imlek,2
2026-02-17,costum bouquet snack+ rokok ,1,140000,106000,34000,True,Tahun Baru Imlek,2
2026-02-17,bucket kopi ,1,50000,25000,25000,True,Tahun Baru Imlek,2
2026-02-17,frame valentine ,1,385000,175000,210000,True,Tahun Baru Imlek,2
2026-02-17,money bouquet ,1,75000,35000,40000,True,Tahun Baru Imlek,2
2026-02-17,frame valentine besar ,1,468000,210000,258000,True,Tahun Baru Imlek,2
2026-02-17,bouquet motif koran ,1,88000,53000,35000,True,Tahun Baru Imlek,2
2026-02-17,bouquet costum jepit kamboja ,1,64000,39000,25000,True,Tahun Baru Imlek,2
2026-02-17,bouquet rose isi 9,1,135000,67000,68000,True,Tahun Baru Imlek,2
2026-02-17,frame besar,1,78000,35000,43000,True,Tahun Baru Imlek,2
2026-02-17,frame birthjday,1,78000,35000,43000,True,Tahun Baru Imlek,2
2026-02-17,money bouquet ,1,75000,35000,40000,True,Tahun Baru Imlek,2
2026-02-17,bouquet flower medium ,1,65000,38000,27000,True,Tahun Baru Imlek,2
2026-02-17,bouquet model koran tumbelina mini ,1,88000,53000,35000,True,Tahun Baru Imlek,2
2026-02-17,bouquet motif koran ,1,88000,53000,35000,True,Tahun Baru Imlek,2
2026-02-17,bouquet silverqueen mini 4 ,1,110000,67000,43000,True,Tahun Baru Imlek,2
2026-02-17,frame mini ,1,55000,25000,30000,True,Tahun Baru Imlek,2
2026-02-17,bouquet kopi inc bunga mini ,1,55000,30000,25000,True,Tahun Baru Imlek,2
2026-02-17,bouquet flower medium ,1,65000,38000,27000,True,Tahun Baru Imlek,2
2026-02-17,bouquet warna ungu medium ,1,65000,35000,30000,True,Tahun Baru Imlek,2
2026-02-17,bouquet costum merah ,1,135000,69000,66000,True,Tahun Baru Imlek,2
2026-02-17,bouquet snack sip ,2,90000,50000,40000,True,Tahun Baru Imlek,2
2026-02-17,bouquet motif koran ,1,88000,53000,35000,True,Tahun Baru Imlek,2
2026-02-17,bouquet model koran tumbelina mini ,1,88000,53000,35000,True,Tahun Baru Imlek,2
2026-02-17,frame birthjday,3,234000,105000,129000,True,Tahun Baru Imlek,2
2026-02-17,frame costum ,1,78000,35000,43000,True,Tahun Baru Imlek,2
2026-02-17,bouquet snack tango ,1,50000,30000,20000,True,Tahun Baru Imlek,2
2026-02-17,frame valentine ,1,55000,25000,30000,True,Tahun Baru Imlek,2
2026-02-17,costum bouquet snack+ rokok ,1,140000,106000,34000,True,Tahun Baru Imlek,2
2026-02-17,bouquet silverqueen ,1,115000,73000,42000,True,Tahun Baru Imlek,2
2026-02-17,bouquet costum merah ,1,135000,69000,66000,True,Tahun Baru Imlek,2
2026-02-17,bouquet koran costum isi 3bunga ,1,38000,15000,23000,True,Tahun Baru Imlek,2
2026-02-17,bouquet warna ungu medium ,1,65000,35000,30000,True,Tahun Baru Imlek,2
2026-02-17,frame birthday besar ,2,156000,70000,86000,True,Tahun Baru Imlek,2
2026-02-17,bouquet costum jepit kamboja ,1,64000,39000,25000,True,Tahun Baru Imlek,2
2026-02-17,frame birthday ,2,156000,70000,86000,True,Tahun Baru Imlek,2
2026-02-17,frame valentine ,1,55000,25000,30000,True,Tahun Baru Imlek,2
2026-02-17,bouquet costum snack jumbo ,1,185000,122000,63000,True,Tahun Baru Imlek,2
2026-02-17,bouquet kopi ,1,48000,28000,20000,True,Tahun Baru Imlek,2
2026-02-17,money bouquet ,1,75000,35000,40000,True,Tahun Baru Imlek,2
2026-02-17,bouquet flower ,1,77000,54000,23000,True,Tahun Baru Imlek,2
2026-02-17,bucket costum rokok ,1,128000,72000,56000,True,Tahun Baru Imlek,2
2026-02-17,frame birthjday,1,78000,35000,43000,True,Tahun Baru Imlek,2
2026-02-17,bouquet silverqueen mini 4 ,1,110000,67000,43000,True,Tahun Baru Imlek,2
2026-02-17,snack bouquet ,3,150000,75000,75000,True,Tahun Baru Imlek,2
2026-02-17,bouquet merah medium ,1,65000,35000,30000,True,Tahun Baru Imlek,2
2026-02-17,bouquet merah medium ,1,65000,35000,30000,True,Tahun Baru Imlek,2
2026-02-17,boquet costum rokok ,1,128000,74000,54000,True,Tahun Baru Imlek,2
2026-02-17,bouquet kopi inc bunga mini ,1,55000,30000,25000,True,Tahun Baru Imlek,2
2026-02-17,bouquet merah medium ,1,65000,35000,30000,True,Tahun Baru Imlek,2
2026-02-17,bucket kopi ,1,50000,25000,25000,True,Tahun Baru Imlek,2
2026-02-17,bucket red costum ,1,79000,45000,34000,True,Tahun Baru Imlek,2
2026-02-17,frame valentine besar ,1,468000,210000,258000,True,Tahun Baru Imlek,2
2026-02-17,bouquet costum jepit kamboja ,2,128000,78000,50000,True,Tahun Baru Imlek,2
2026-02-17,bouquet flower costum ,2,164000,98000,66000,True,Tahun Baru Imlek,2
2026-02-17,frame valentine ,1,385000,175000,210000,True,Tahun Baru Imlek,2
2026-02-17,bouquet flower medium unggu ,1,65000,35000,30000,True,Tahun Baru Imlek,2
2026-02-17,frame birthjday,1,78000,35000,43000,True,Tahun Baru Imlek,2
2026-02-17,bouquet kopi inc bunga mini ,1,55000,30000,25000,True,Tahun Baru Imlek,2
2026-02-17,bouquet rose isi 9,1,135000,67000,68000,True,Tahun Baru Imlek,2
2026-02-17,frame besar ,1,78000,35000,43000,True,Tahun Baru Imlek,2
2026-02-17,bouquet flower ,1,77000,54000,23000,True,Tahun Baru Imlek,2
2026-02-17,frame birthday ,1,55000,25000,30000,True,Tahun Baru Imlek,2
2026-02-17,bouquet snack coklat mini ,1,45000,25000,20000,True,Tahun Baru Imlek,2
2026-02-17,bouquet flower medium ,1,65000,38000,27000,True,Tahun Baru Imlek,2
2026-02-17,bouquet koran costum isi 3bunga ,1,38000,15000,23000,True,Tahun Baru Imlek,2
2026-02-17,bouquet bang bang mix rokok ,1,138000,87000,51000,True,Tahun Baru Imlek,2
2026-02-17,bouquet flower medium ,1,65000,38000,27000,True,Tahun Baru Imlek,2
2026-02-17,frame valentine besar ,1,468000,210000,258000,True,Tahun Baru Imlek,2
2026-02-17,bouquet flower medium unggu ,1,65000,35000,30000,True,Tahun Baru Imlek,2
2026-02-17,bouquet koran tumbelinna ,1,88000,53000,35000,True,Tahun Baru Imlek,2
2026-02-17,frame birthjday,1,78000,35000,43000,True,Tahun Baru Imlek,2
2026-02-17,bouquet silverqueen ,1,115000,73000,42000,True,Tahun Baru Imlek,2
2026-02-17,bouquet koran costum isi 3bunga ,1,38000,15000,23000,True,Tahun Baru Imlek,2
2026-02-17,frame ,1,55000,25000,30000,True,Tahun Baru Imlek,2
2026-02-17,bouquet pocky ,1,84000,62000,22000,True,Tahun Baru Imlek,2
2026-02-17,bouquet silverqueen mini 4 ,1,110000,67000,43000,True,Tahun Baru Imlek,2
2026-02-17,frame birthday besar ,1,78000,35000,43000,True,Tahun Baru Imlek,2
2026-02-17,bouquet red flower ,1,74000,42000,32000,True,Tahun Baru Imlek,2
2026-02-17,costum snack bouquet + flwr ,1,265000,197000,68000,True,Tahun Baru Imlek,2
2026-02-17,costum bouquet snack+ rokok ,1,140000,106000,34000,True,Tahun Baru Imlek,2
2026-02-17,frame costum ,1,78000,35000,43000,True,Tahun Baru Imlek,2
2026-02-17,bucket costum rokok ,1,128000,72000,56000,True,Tahun Baru Imlek,2
2026-02-17,frame mini ,1,55000,25000,30000,True,Tahun Baru Imlek,2
2026-02-17,frame valentine ,1,385000,175000,210000,True,Tahun Baru Imlek,2
2026-02-17,bouquet snack  ,1,45000,25000,20000,True,Tahun Baru Imlek,2
2026-02-17,bouquet kopii ,1,50000,25000,25000,True,Tahun Baru Imlek,2
2026-02-17,bouquet bang bang mix rokok ,1,138000,87000,51000,True,Tahun Baru Imlek,2
2026-02-17,frame valentine besar ,2,936000,420000,516000,True,Tahun Baru Imlek,2
2026-02-17,bouquet tumbelina koran ,1,88000,53000,35000,True,Tahun Baru Imlek,2
2026-02-17,bouquet merah medium ,1,65000,35000,30000,True,Tahun Baru Imlek,2
2026-02-17,bouquet koran costum isi 3bunga ,1,38000,15000,23000,True,Tahun Baru Imlek,2
2026-02-17,bouquet koran medium ,1,65000,38000,27000,True,Tahun Baru Imlek,2
2026-02-17,buckert costum rokok ,1,135000,103000,32000,True,Tahun Baru Imlek,2
2026-02-17,bouquet flower medium red ,1,65000,35000,30000,True,Tahun Baru Imlek,2
2026-02-17,bouquet costum snack jumbo ,1,185000,122000,63000,True,Tahun Baru Imlek,2
2026-02-17,boquet costum rokok ,3,384000,222000,162000,True,Tahun Baru Imlek,2
2026-02-17,bouquet warna ungu medium ,1,65000,35000,30000,True,Tahun Baru Imlek,2
2026-02-17,bouquet snack sip ,1,45000,25000,20000,True,Tahun Baru Imlek,2
2026-02-17,bouquet pocky ,1,84000,62000,22000,True,Tahun Baru Imlek,2
2026-02-17,bouquet costum foto ,1,60000,30000,30000,True,Tahun Baru Imlek,2
2026-02-17,buckert costum rokok ,1,135000,103000,32000,True,Tahun Baru Imlek,2
2026-02-17,boquet costum rokok ,3,384000,222000,162000,True,Tahun Baru Imlek,2
2026-02-17,frame valentine besar ,1,468000,210000,258000,True,Tahun Baru Imlek,2
2026-02-17,bouquet snack sip ,1,45000,25000,20000,True,Tahun Baru Imlek,2
2026-02-17,frame valentine ,1,385000,175000,210000,True,Tahun Baru Imlek,2
2026-02-17,frame valentine besar ,1,468000,210000,258000,True,Tahun Baru Imlek,2
2026-02-17,frame valentine ,1,55000,25000,30000,True,Tahun Baru Imlek,2
2026-02-17,bouquet motif koran ,1,88000,53000,35000,True,Tahun Baru Imlek,2
2026-02-17,frame birthday ,1,55000,25000,30000,True,Tahun Baru Imlek,2
2026-02-17,bucket kopi ,1,50000,25000,25000,True,Tahun Baru Imlek,2
2026-02-17,bouquet silverqueen ,1,115000,73000,42000,True,Tahun Baru Imlek,2
2026-02-17,frame valentine besar ,1,468000,210000,258000,True,Tahun Baru Imlek,2
2026-02-17,frame mini ,1,55000,25000,30000,True,Tahun Baru Imlek,2
2026-02-17,bouquet motif koran ,1,88000,53000,35000,True,Tahun Baru Imlek,2
2026-02-17,frame costum ,1,78000,35000,43000,True,Tahun Baru Imlek,2
2026-02-17,bouquet snack  ,1,45000,25000,20000,True,Tahun Baru Imlek,2
2026-02-17,bouquet snack bangbang ,1,64000,37000,27000,True,Tahun Baru Imlek,2
2026-02-17,bouquet flower medium unggu ,1,65000,35000,30000,True,Tahun Baru Imlek,2
2026-02-17,costum bouquet snack+ rokok ,1,140000,106000,34000,True,Tahun Baru Imlek,2
2026-02-17,frame besar,1,78000,35000,43000,True,Tahun Baru Imlek,2
2026-02-17,bouquet flower medium unggu ,1,65000,35000,30000,True,Tahun Baru Imlek,2
2026-02-17,bouquet red flower ,1,74000,42000,32000,True,Tahun Baru Imlek,2
2026-02-17,bouquet costum jepit kamboja ,1,64000,39000,25000,True,Tahun Baru Imlek,2
2026-02-17,frame besar ,1,78000,35000,43000,True,Tahun Baru Imlek,2
2026-02-17,bouquet snack sip ,1,45000,25000,20000,True,Tahun Baru Imlek,2
2026-02-17,bouquet flower medium ,1,65000,38000,27000,True,Tahun Baru Imlek,2
2026-02-17,buckert costum rokok ,1,135000,103000,32000,True,Tahun Baru Imlek,2
2026-02-17,bouquet silverqueen ,1,115000,73000,42000,True,Tahun Baru Imlek,2
2026-02-17,bouquet pocky ,1,84000,62000,22000,True,Tahun Baru Imlek,2
2026-02-17,bouquet pocky ,1,84000,62000,22000,True,Tahun Baru Imlek,2
2026-02-17,bouquet motif koran ,1,88000,53000,35000,True,Tahun Baru Imlek,2
2026-02-17,bouquet isi 9 mawar ,1,135000,97000,38000,True,Tahun Baru Imlek,2
2026-02-17,bouquet pocky ,1,84000,62000,22000,True,Tahun Baru Imlek,2
2026-02-17,bouquet costum snack jumbo ,1,185000,122000,63000,True,Tahun Baru Imlek,2
2026-02-17,boquet costum rokok ,1,128000,74000,54000,True,Tahun Baru Imlek,2
2026-02-17,frame birthday besar ,1,78000,35000,43000,True,Tahun Baru Imlek,2
2026-02-17,bucket sip ,1,45000,25000,20000,True,Tahun Baru Imlek,2
2026-02-17,bouquet red flower ,1,74000,42000,32000,True,Tahun Baru Imlek,2
2026-02-17,bouquet koran medium ,1,65000,38000,27000,True,Tahun Baru Imlek,2
2026-02-17,bouquet costum jepit kamboja ,1,64000,39000,25000,True,Tahun Baru Imlek,2
2026-02-17,bouquet costum foto ,1,60000,30000,30000,True,Tahun Baru Imlek,2
2026-02-17,bouquet silverqueen mini 4 ,1,110000,67000,43000,True,Tahun Baru Imlek,2
2026-02-17,bouquet costum jepit kamboja ,1,64000,39000,25000,True,Tahun Baru Imlek,2
2026-02-17,bouquet bang bang mix rokok ,1,138000,87000,51000,True,Tahun Baru Imlek,2
2026-02-17,snack bouquet ,1,50000,25000,25000,True,Tahun Baru Imlek,2
2026-02-17,bouquet blue 9 bunga ,1,135000,67000,68000,True,Tahun Baru Imlek,2
2026-02-17,bouquet silverqueen mini 4 ,3,330000,201000,129000,True,Tahun Baru Imlek,2
2026-02-17,bouquet pocky ,3,252000,186000,66000,True,Tahun Baru Imlek,2
2026-02-17,bouquet snack bangbang ,1,64000,37000,27000,True,Tahun Baru Imlek,2
2026-02-17,bucket isi 9 bunga ,1,135000,67000,68000,True,Tahun Baru Imlek,2
2026-02-17,bouquet flower medium red ,1,65000,35000,30000,True,Tahun Baru Imlek,2
2026-02-17,bucket sip ,1,45000,25000,20000,True,Tahun Baru Imlek,2
2026-02-17,bouquet warna ungu medium ,1,65000,35000,30000,True,Tahun Baru Imlek,2
2026-02-17,bucket kopi ,1,50000,25000,25000,True,Tahun Baru Imlek,2
2026-02-17,bouquet pocky ,1,84000,62000,22000,True,Tahun Baru Imlek,2
2026-02-17,bouquet costum foto ,1,60000,30000,30000,True,Tahun Baru Imlek,2
2026-02-17,bouquet costum snack jumbo ,1,185000,122000,63000,True,Tahun Baru Imlek,2
2026-02-17,bucket isi 9 bunga ,1,135000,67000,68000,True,Tahun Baru Imlek,2
2026-02-17,frame besar ,1,78000,35000,43000,True,Tahun Baru Imlek,2
2026-02-17,bouquet isi 9 mawar ,1,135000,97000,38000,True,Tahun Baru Imlek,2
2026-02-17,bouquet costum foto ,1,60000,30000,30000,True,Tahun Baru Imlek,2
2026-02-17,bucket tumbelina koran ,1,88000,53000,35000,True,Tahun Baru Imlek,2
2026-02-18,bouquet pocky ,1,84000,62000,22000,False,-,2
2026-02-18,bouquet merah medium ,1,65000,35000,30000,False,-,2
2026-02-18,bouquet koran tumbelinna ,1,88000,53000,35000,False,-,2
2026-02-18,frame birthday ,1,55000,25000,30000,False,-,2
2026-02-19,bouquet costum snack jumbo ,1,185000,122000,63000,False,-,2
2026-02-19,bouquet silverqueen ,1,115000,73000,42000,False,-,2
2026-02-19,bouquet tumbelina koran ,1,88000,53000,35000,False,-,2
2026-02-19,bouquet flower ,1,77000,54000,23000,False,-,2
2026-02-19,bouquet snack  ,1,45000,25000,20000,False,-,2
2026-02-19,frame birthday ,1,55000,25000,30000,False,-,2
2026-02-20,frame mini ,1,55000,25000,30000,False,-,2
2026-02-20,bouquet silverqueen ,1,115000,73000,42000,False,-,2
2026-02-20,bouquet motif koran ,1,88000,53000,35000,False,-,2
2026-02-20,bouquet costum snack jumbo ,1,185000,122000,63000,False,-,2
2026-02-20,bouquet costum merah ,1,135000,69000,66000,False,-,2
2026-02-20,bouquet silverqueen ,1,115000,73000,42000,False,-,2
2026-02-20,frame birthjday,1,78000,35000,43000,False,-,2
2026-02-21,bucket kopi ,1,50000,25000,25000,False,-,2
2026-02-21,bouquet koran tumbelinna ,1,88000,53000,35000,False,-,2
2026-02-21,frame besar ,3,234000,105000,129000,False,-,2
2026-02-21,bouquet model koran tumbelina mini ,1,88000,53000,35000,False,-,2
2026-02-21,bouquet jumbo mawar 100 pc ,1,650000,321000,329000,False,-,2
2026-02-21,bouquet kopii ,1,50000,25000,25000,False,-,2
2026-02-21,bouquet costum snack jumbo ,1,185000,122000,63000,False,-,2
2026-02-22,bucket tumbelina koran ,1,88000,53000,35000,False,-,2
2026-02-22,bouquet kopii ,1,50000,25000,25000,False,-,2
2026-02-22,bouquet costum snack jumbo ,1,185000,122000,63000,False,-,2
2026-02-22,costum snack bouquet + flwr ,1,265000,197000,68000,False,-,2
2026-02-22,bouquet kopii ,1,50000,25000,25000,False,-,2
2026-02-22,frame birthday besar ,1,78000,35000,43000,False,-,2
2026-02-22,frame valentine ,1,385000,175000,210000,False,-,2
2026-02-22,bouquet snack sip ,1,45000,25000,20000,False,-,2
2026-02-22,bucket tumbelina koran ,1,88000,53000,35000,False,-,2
2026-02-23,bouquet kopi ,1,48000,28000,20000,False,-,2
2026-02-23,bouquet snack bangbang ,1,64000,37000,27000,False,-,2
2026-02-23,bouquet kopi ,2,96000,56000,40000,False,-,2
2026-02-23,bouquet silverqueen ,1,115000,73000,42000,False,-,2
2026-02-23,bouquet bang bang mix rokok ,1,138000,87000,51000,False,-,2
2026-02-23,bouquet kopi inc bunga mini ,1,55000,30000,25000,False,-,2
2026-02-24,frame birthjday,1,78000,35000,43000,False,-,2
2026-02-24,bouquet costum snack jumbo ,1,185000,122000,63000,False,-,2
2026-02-24,bouquet snack coklat mini ,1,45000,25000,20000,False,-,2
2026-02-24,bouquet kopi inc bunga mini ,1,55000,30000,25000,False,-,2
2026-02-25,bucket sip ,1,45000,25000,20000,False,-,2
2026-02-25,bouquet bunga mix snack top ,1,75000,48000,27000,False,-,2
2026-02-25,bucket kopi ,1,50000,25000,25000,False,-,2
2026-02-25,costum snack bouquet + flwr ,1,265000,197000,68000,False,-,2
2026-02-25,frame besar ,1,78000,35000,43000,False,-,2
2026-02-25,frame birthday ,1,78000,35000,43000,False,-,2
2026-02-25,bouquet flower medium unggu ,1,65000,35000,30000,False,-,2
2026-02-25,frame besar,1,78000,35000,43000,False,-,2
2026-02-25,bucket red costum ,1,79000,45000,34000,False,-,2
2026-02-26,frame besar ,1,78000,35000,43000,False,-,2
2026-02-26,frame birthday besar ,1,78000,35000,43000,False,-,2
2026-02-26,boquet costum rokok ,1,128000,74000,54000,False,-,2
2026-02-27,costum bouquet snack+ rokok ,1,140000,106000,34000,False,-,2
2026-02-27,buckert costum rokok ,1,135000,103000,32000,False,-,2
2026-02-27,bouquet red flower ,1,74000,42000,32000,False,-,2
2026-02-27,bouquet snack coklat mini ,1,45000,25000,20000,False,-,2
2026-02-27,frame birthjday,1,78000,35000,43000,False,-,2
2026-02-27,bouquet motif koran ,1,88000,53000,35000,False,-,2
2026-02-27,costum snack bouquet + flwr ,1,265000,197000,68000,False,-,2
2026-02-27,bouquet flower medium ,1,65000,38000,27000,False,-,2
2026-02-27,bouquet kopi inc bunga mini ,1,55000,30000,25000,False,-,2
2026-02-28,buckert costum rokok ,1,135000,103000,32000,False,-,2
2026-02-28,bouquet red flower ,1,74000,42000,32000,False,-,2
2026-02-28,bouquet snack sip ,1,45000,25000,20000,False,-,2
2026-03-01,money bouquet ,1,75000,35000,40000,False,-,3
2026-03-01,frame valentine besar ,1,468000,210000,258000,False,-,3
2026-03-01,bouquet bunga coklat 3 ,1,125000,86000,39000,False,-,3
2026-03-01,bouquet model koran tumbelina mini ,1,88000,53000,35000,False,-,3
2026-03-01,bouquet model koran tumbelina mini ,1,88000,53000,35000,False,-,3
2026-03-02,bouquet snack  ,1,45000,25000,20000,False,-,3
2026-03-02,bouquet flower medium unggu ,1,65000,35000,30000,False,-,3
2026-03-02,frame besar ,1,78000,35000,43000,False,-,3
2026-03-02,frame birthday ,1,78000,35000,43000,False,-,3
2026-03-02,money bouquet ,3,225000,105000,120000,False,-,3
2026-03-02,boquet costum rokok ,1,128000,74000,54000,False,-,3
2026-03-02,bouquet koran costum isi 3bunga ,1,38000,15000,23000,False,-,3
2026-03-02,bouquet costum jepit kamboja ,1,64000,39000,25000,False,-,3
2026-03-02,bouquet isi 9 mawar ,1,135000,97000,38000,False,-,3
2026-03-03,bouquet snack tango ,2,100000,60000,40000,False,-,3
2026-03-03,frame valentine ,3,165000,75000,90000,False,-,3
2026-03-03,bouquet model koran tumbelina mini ,1,88000,53000,35000,False,-,3
2026-03-03,bouquet costum foto ,1,60000,30000,30000,False,-,3
2026-03-03,bouquet jumbo mawar 100 pc ,1,650000,321000,329000,False,-,3
2026-03-03,bouquet costum jepit kamboja ,2,128000,78000,50000,False,-,3
2026-03-04,bouquet blue 9 bunga ,1,135000,67000,68000,False,-,3
2026-03-04,bucket costum rokok ,1,128000,72000,56000,False,-,3
2026-03-04,bouquet koran costum isi 3bunga ,1,38000,15000,23000,False,-,3
2026-03-04,bouquet bunga coklat 3 ,1,125000,86000,39000,False,-,3
2026-03-04,frame valentine ,1,55000,25000,30000,False,-,3
2026-03-04,frame birthday ,1,55000,25000,30000,False,-,3
2026-03-05,boquet costum rokok ,2,256000,148000,108000,False,-,3
2026-03-05,bouquet rose isi 9,1,135000,67000,68000,False,-,3
2026-03-05,bucket sip ,1,45000,25000,20000,False,-,3
2026-03-05,frame besar,1,78000,35000,43000,False,-,3
2026-03-05,bouquet costum snack jumbo ,1,185000,122000,63000,False,-,3
2026-03-05,bouquet warna ungu medium ,1,65000,35000,30000,False,-,3
2026-03-05,bouquet snack  ,1,45000,25000,20000,False,-,3
2026-03-06,bucket red costum ,1,79000,45000,34000,False,-,3
2026-03-06,frame birthday ,3,165000,75000,90000,False,-,3
2026-03-06,frame besar ,1,78000,35000,43000,False,-,3
2026-03-06,bouquet silverqueen mini 4 ,1,110000,67000,43000,False,-,3
2026-03-07,frame besar ,1,78000,35000,43000,False,-,3
2026-03-07,bouquet koran costum isi 3bunga ,1,38000,15000,23000,False,-,3
2026-03-07,bouquet rose isi 9,1,135000,67000,68000,False,-,3
2026-03-07,bouquet kopi inc bunga mini ,1,55000,30000,25000,False,-,3
2026-03-07,money bouquet ,1,75000,35000,40000,False,-,3
2026-03-07,bouquet kopii ,1,50000,25000,25000,False,-,3
2026-03-07,costum snack bouquet + flwr ,1,265000,197000,68000,False,-,3
2026-03-07,bouquet flower medium red ,1,65000,35000,30000,False,-,3
2026-03-07,bouquet kopii ,1,50000,25000,25000,False,-,3
2026-03-08,bouquet costum merah ,1,135000,69000,66000,False,-,3
2026-03-08,boquet costum rokok ,1,128000,74000,54000,False,-,3
2026-03-08,snack bouquet ,1,50000,25000,25000,False,-,3
2026-03-08,bouquet bang bang mix rokok ,1,138000,87000,51000,False,-,3
2026-03-08,bouquet flower medium red ,1,65000,35000,30000,False,-,3
2026-03-08,bouquet costum merah ,1,135000,69000,66000,False,-,3
2026-03-09,bouquet flower medium ,1,65000,38000,27000,False,-,3
2026-03-09,frame birthday ,1,55000,25000,30000,False,-,3
2026-03-09,bouquet costum merah ,1,135000,69000,66000,False,-,3
2026-03-09,bouquet snack sip ,1,45000,25000,20000,False,-,3
2026-03-09,bouquet merah medium ,1,65000,35000,30000,False,-,3
2026-03-10,bouquet warna ungu medium ,1,65000,35000,30000,False,-,3
2026-03-10,frame valentine ,1,385000,175000,210000,False,-,3
2026-03-10,bouquet snack sip ,1,45000,25000,20000,False,-,3
2026-03-10,frame valentine besar ,1,468000,210000,258000,False,-,3
2026-03-10,frame valentine besar ,1,468000,210000,258000,False,-,3
2026-03-10,bouquet koran tumbelinna ,1,88000,53000,35000,False,-,3
2026-03-11,bouquet bang bang mix rokok ,1,138000,87000,51000,False,-,3
2026-03-11,boquet costum rokok ,1,128000,74000,54000,False,-,3
2026-03-11,bouquet costum merah ,1,135000,69000,66000,False,-,3
2026-03-11,bouquet flower medium unggu ,1,65000,35000,30000,False,-,3
2026-03-11,frame mini ,1,55000,25000,30000,False,-,3
2026-03-11,bouquet bunga mix snack top ,1,75000,48000,27000,False,-,3
2026-03-11,frame valentine ,1,385000,175000,210000,False,-,3
2026-03-11,bouquet snack coklat mini ,1,45000,25000,20000,False,-,3
2026-03-11,bouquet snack coklat mini ,1,45000,25000,20000,False,-,3
2026-03-12,bouquet jumbo mawar 100 pc ,1,650000,321000,329000,False,-,3
2026-03-12,bouquet jumbo mawar 100 pc ,1,650000,321000,329000,False,-,3
2026-03-12,frame birthjday,1,78000,35000,43000,False,-,3
2026-03-12,frame besar,1,78000,35000,43000,False,-,3
2026-03-12,bouquet red flower ,1,74000,42000,32000,False,-,3
2026-03-12,bouquet red flower ,1,74000,42000,32000,False,-,3
2026-03-12,buckert costum rokok ,1,135000,103000,32000,False,-,3
2026-03-12,bouquet flower costum ,1,82000,49000,33000,False,-,3
2026-03-12,bouquet costum jepit kamboja ,1,64000,39000,25000,False,-,3
2026-03-13,bouquet warna ungu medium ,1,65000,35000,30000,False,-,3
2026-03-13,bouquet silverqueen mini 4 ,1,110000,67000,43000,False,-,3
2026-03-13,bouquet koran medium ,1,65000,38000,27000,False,-,3
2026-03-13,frame birthday besar ,1,78000,35000,43000,False,-,3
2026-03-13,bouquet koran tumbelinna ,3,264000,159000,105000,False,-,3
2026-03-14,frame costum ,1,78000,35000,43000,False,-,3
2026-03-14,snack bouquet ,1,50000,25000,25000,False,-,3
2026-03-14,money bouquet ,1,75000,35000,40000,False,-,3
2026-03-14,bouquet silverqueen ,1,115000,73000,42000,False,-,3
2026-03-14,bouquet bunga coklat 3 ,1,125000,86000,39000,False,-,3
2026-03-14,bouquet bang bang mix rokok ,1,138000,87000,51000,False,-,3
2026-03-14,bouquet snack  ,1,45000,25000,20000,False,-,3
2026-03-15,bouquet motif koran ,1,88000,53000,35000,False,-,3
2026-03-15,frame birthjday,1,78000,35000,43000,False,-,3
2026-03-15,bouquet bunga coklat 3 ,1,125000,86000,39000,False,-,3
2026-03-15,frame besar ,1,78000,35000,43000,False,-,3
2026-03-15,bouquet costum jepit kamboja ,1,64000,39000,25000,False,-,3
2026-03-15,costum snack bouquet + flwr ,1,265000,197000,68000,False,-,3
2026-03-16,money bouquet ,1,75000,35000,40000,False,-,3
2026-03-16,bouquet pocky ,1,84000,62000,22000,False,-,3
2026-03-16,bouquet flower medium ,1,65000,38000,27000,False,-,3
2026-03-16,bouquet pocky ,3,252000,186000,66000,False,-,3
2026-03-16,bouquet isi 9 mawar ,1,135000,97000,38000,False,-,3
2026-03-17,bouquet blue 9 bunga ,1,135000,67000,68000,False,-,3
2026-03-17,boquet costum rokok ,1,128000,74000,54000,False,-,3
2026-03-17,frame birthjday,2,156000,70000,86000,False,-,3
2026-03-18,bucket red costum ,1,79000,45000,34000,False,-,3
2026-03-18,bouquet flower costum ,1,82000,49000,33000,False,-,3
2026-03-18,bouquet bunga coklat 3 ,1,125000,86000,39000,False,-,3
2026-03-18,bouquet koran tumbelinna ,1,88000,53000,35000,False,-,3
2026-03-18,bouquet motif koran ,1,88000,53000,35000,False,-,3
2026-03-18,bouquet flower medium unggu ,1,65000,35000,30000,False,-,3
2026-03-19,bouquet model koran tumbelina mini ,1,88000,53000,35000,False,-,3
2026-03-19,bouquet snack sip ,1,45000,25000,20000,False,-,3
2026-03-19,frame ,1,55000,25000,30000,False,-,3
2026-03-19,frame valentine besar ,1,468000,210000,258000,False,-,3
2026-03-19,bouquet blue 9 bunga ,1,135000,67000,68000,False,-,3
2026-03-19,bouquet snack  ,1,45000,25000,20000,False,-,3
2026-03-19,frame birthday ,1,78000,35000,43000,False,-,3
2026-03-20,bouquet koran medium ,1,65000,38000,27000,True,Idul Fitri,3
2026-03-20,bucket kopi ,1,50000,25000,25000,True,Idul Fitri,3
2026-03-20,bouquet costum merah ,3,405000,207000,198000,True,Idul Fitri,3
2026-03-20,frame ,1,55000,25000,30000,True,Idul Fitri,3
2026-03-20,bucket kopi ,1,50000,25000,25000,True,Idul Fitri,3
2026-03-20,bouquet model koran tumbelina mini ,1,88000,53000,35000,True,Idul Fitri,3
2026-03-20,bouquet kopii ,1,50000,25000,25000,True,Idul Fitri,3
2026-03-20,frame costum ,2,156000,70000,86000,True,Idul Fitri,3
2026-03-20,bouquet jumbo mawar 100 pc ,1,650000,321000,329000,True,Idul Fitri,3
2026-03-20,bouquet model koran tumbelina mini ,1,88000,53000,35000,True,Idul Fitri,3
2026-03-20,bouquet blue 9 bunga ,1,135000,67000,68000,True,Idul Fitri,3
2026-03-20,frame birthday ,1,78000,35000,43000,True,Idul Fitri,3
2026-03-20,bouquet bunga mix snack top ,1,75000,48000,27000,True,Idul Fitri,3
2026-03-20,bouquet snack tango ,1,50000,30000,20000,True,Idul Fitri,3
2026-03-20,bouquet red flower ,3,222000,126000,96000,True,Idul Fitri,3
2026-03-20,bouquet flower costum ,1,82000,49000,33000,True,Idul Fitri,3
2026-03-20,frame besar ,1,78000,35000,43000,True,Idul Fitri,3
2026-03-20,frame valentine besar ,1,468000,210000,258000,True,Idul Fitri,3
2026-03-20,bouquet kopii ,1,50000,25000,25000,True,Idul Fitri,3
2026-03-20,bouquet flower medium unggu ,1,65000,35000,30000,True,Idul Fitri,3
2026-03-20,bouquet tumbelina koran ,1,88000,53000,35000,True,Idul Fitri,3
2026-03-20,bouquet costum merah ,1,135000,69000,66000,True,Idul Fitri,3
2026-03-20,bouquet bang bang mix rokok ,1,138000,87000,51000,True,Idul Fitri,3
2026-03-20,bouquet bunga coklat 3 ,2,250000,172000,78000,True,Idul Fitri,3
2026-03-20,costum bouquet snack+ rokok ,1,140000,106000,34000,True,Idul Fitri,3
2026-03-20,buckert costum rokok ,1,135000,103000,32000,True,Idul Fitri,3
2026-03-20,frame birthday ,1,78000,35000,43000,True,Idul Fitri,3
2026-03-20,bouquet blue 9 bunga ,1,135000,67000,68000,True,Idul Fitri,3
2026-03-20,buckert costum rokok ,1,135000,103000,32000,True,Idul Fitri,3
2026-03-20,bouquet pocky ,1,84000,62000,22000,True,Idul Fitri,3
2026-03-20,bouquet koran medium ,1,65000,38000,27000,True,Idul Fitri,3
2026-03-20,bouquet snack sip ,1,45000,25000,20000,True,Idul Fitri,3
2026-03-20,bouquet flower medium red ,1,65000,35000,30000,True,Idul Fitri,3
2026-03-20,boquet costum rokok ,1,128000,74000,54000,True,Idul Fitri,3
2026-03-20,bouquet pocky ,1,84000,62000,22000,True,Idul Fitri,3
2026-03-20,bouquet bunga coklat 3 ,1,125000,86000,39000,True,Idul Fitri,3
2026-03-20,bouquet silverqueen ,2,230000,146000,84000,True,Idul Fitri,3
2026-03-20,bouquet isi 9 mawar ,1,135000,97000,38000,True,Idul Fitri,3
2026-03-20,bouquet koran medium ,1,65000,38000,27000,True,Idul Fitri,3
2026-03-20,bucket sip ,1,45000,25000,20000,True,Idul Fitri,3
2026-03-20,frame valentine ,1,385000,175000,210000,True,Idul Fitri,3
2026-03-20,bouquet silverqueen ,1,115000,73000,42000,True,Idul Fitri,3
2026-03-20,bouquet koran costum isi 3bunga ,1,38000,15000,23000,True,Idul Fitri,3
2026-03-20,frame mini ,1,55000,25000,30000,True,Idul Fitri,3
2026-03-20,bouquet kopi inc bunga mini ,1,55000,30000,25000,True,Idul Fitri,3
2026-03-20,frame birthday ,1,78000,35000,43000,True,Idul Fitri,3
2026-03-20,bouquet snack sip ,1,45000,25000,20000,True,Idul Fitri,3
2026-03-20,bouquet silverqueen mini 4 ,1,110000,67000,43000,True,Idul Fitri,3
2026-03-20,bouquet tumbelina koran ,1,88000,53000,35000,True,Idul Fitri,3
2026-03-20,frame ,1,55000,25000,30000,True,Idul Fitri,3
2026-03-20,frame besar,1,78000,35000,43000,True,Idul Fitri,3
2026-03-20,bucket tumbelina koran ,1,88000,53000,35000,True,Idul Fitri,3
2026-03-20,bouquet snack tango ,1,50000,30000,20000,True,Idul Fitri,3
2026-03-20,snack bouquet ,1,50000,25000,25000,True,Idul Fitri,3
2026-03-20,bouquet snack coklat mini ,1,45000,25000,20000,True,Idul Fitri,3
2026-03-20,bouquet snack  ,1,45000,25000,20000,True,Idul Fitri,3
2026-03-20,bouquet snack  ,1,45000,25000,20000,True,Idul Fitri,3
2026-03-20,boquet costum rokok ,1,128000,74000,54000,True,Idul Fitri,3
2026-03-20,bouquet kopi inc bunga mini ,1,55000,30000,25000,True,Idul Fitri,3
2026-03-20,bouquet flower ,2,154000,108000,46000,True,Idul Fitri,3
2026-03-20,frame valentine ,1,55000,25000,30000,True,Idul Fitri,3
2026-03-20,bouquet bang bang mix rokok ,1,138000,87000,51000,True,Idul Fitri,3
2026-03-20,bouquet pocky ,1,84000,62000,22000,True,Idul Fitri,3
2026-03-20,snack bouquet ,1,50000,25000,25000,True,Idul Fitri,3
2026-03-20,frame besar ,1,78000,35000,43000,True,Idul Fitri,3
2026-03-20,bouquet snack bangbang ,1,64000,37000,27000,True,Idul Fitri,3
2026-03-20,frame ,1,55000,25000,30000,True,Idul Fitri,3
2026-03-20,money bouquet ,1,75000,35000,40000,True,Idul Fitri,3
2026-03-20,bouquet bunga coklat 3 ,1,125000,86000,39000,True,Idul Fitri,3
2026-03-20,snack bouquet ,1,50000,25000,25000,True,Idul Fitri,3
2026-03-20,bouquet flower costum ,1,82000,49000,33000,True,Idul Fitri,3
2026-03-20,buckert costum rokok ,1,135000,103000,32000,True,Idul Fitri,3
2026-03-20,bouquet red flower ,1,74000,42000,32000,True,Idul Fitri,3
2026-03-20,bouquet bunga coklat 3 ,1,125000,86000,39000,True,Idul Fitri,3
2026-03-20,money bouquet ,1,75000,35000,40000,True,Idul Fitri,3
2026-03-20,costum bouquet snack+ rokok ,1,140000,106000,34000,True,Idul Fitri,3
2026-03-20,bouquet red flower ,1,74000,42000,32000,True,Idul Fitri,3
2026-03-20,frame birthjday,1,78000,35000,43000,True,Idul Fitri,3
2026-03-20,bucket costum rokok ,1,128000,72000,56000,True,Idul Fitri,3
2026-03-20,bouquet rose isi 9,1,135000,67000,68000,True,Idul Fitri,3
2026-03-20,frame valentine ,1,55000,25000,30000,True,Idul Fitri,3
2026-03-20,bouquet costum jepit kamboja ,1,64000,39000,25000,True,Idul Fitri,3
2026-03-20,bucket red costum ,1,79000,45000,34000,True,Idul Fitri,3
2026-03-20,frame birthday besar ,1,78000,35000,43000,True,Idul Fitri,3
2026-03-20,bouquet red flower ,1,74000,42000,32000,True,Idul Fitri,3
2026-03-20,bouquet pocky ,1,84000,62000,22000,True,Idul Fitri,3
2026-03-20,bouquet bang bang mix rokok ,1,138000,87000,51000,True,Idul Fitri,3
2026-03-20,bouquet flower medium ,1,65000,38000,27000,True,Idul Fitri,3
2026-03-20,bucket kopi ,1,50000,25000,25000,True,Idul Fitri,3
2026-03-20,frame costum ,1,78000,35000,43000,True,Idul Fitri,3
2026-03-20,bouquet snack sip ,1,45000,25000,20000,True,Idul Fitri,3
2026-03-20,bouquet kopi ,3,144000,84000,60000,True,Idul Fitri,3
2026-03-20,bouquet isi 9 mawar ,1,135000,97000,38000,True,Idul Fitri,3
2026-03-20,bouquet costum snack jumbo ,1,185000,122000,63000,True,Idul Fitri,3
2026-03-20,bouquet silverqueen mini 4 ,1,110000,67000,43000,True,Idul Fitri,3
2026-03-20,bouquet kopii ,1,50000,25000,25000,True,Idul Fitri,3
2026-03-20,bouquet snack bangbang ,1,64000,37000,27000,True,Idul Fitri,3
2026-03-20,frame costum ,1,78000,35000,43000,True,Idul Fitri,3
2026-03-20,snack bouquet ,1,50000,25000,25000,True,Idul Fitri,3
2026-03-20,bouquet costum foto ,1,60000,30000,30000,True,Idul Fitri,3
2026-03-20,bouquet costum jepit kamboja ,1,64000,39000,25000,True,Idul Fitri,3
2026-03-20,bouquet warna ungu medium ,1,65000,35000,30000,True,Idul Fitri,3
2026-03-20,bouquet red flower ,1,74000,42000,32000,True,Idul Fitri,3
2026-03-20,bouquet warna ungu medium ,1,65000,35000,30000,True,Idul Fitri,3
2026-03-20,bouquet flower medium unggu ,3,195000,105000,90000,True,Idul Fitri,3
2026-03-20,bouquet merah medium ,1,65000,35000,30000,True,Idul Fitri,3
2026-03-20,bucket costum rokok ,3,384000,216000,168000,True,Idul Fitri,3
2026-03-20,bouquet motif koran ,1,88000,53000,35000,True,Idul Fitri,3
2026-03-20,bouquet jumbo mawar 100 pc ,1,650000,321000,329000,True,Idul Fitri,3
2026-03-20,frame mini ,1,55000,25000,30000,True,Idul Fitri,3
2026-03-20,frame valentine ,1,385000,175000,210000,True,Idul Fitri,3
2026-03-20,bucket red costum ,1,79000,45000,34000,True,Idul Fitri,3
2026-03-20,frame birthday ,1,55000,25000,30000,True,Idul Fitri,3
2026-03-20,bucket tumbelina koran ,1,88000,53000,35000,True,Idul Fitri,3
2026-03-20,bouquet snack coklat mini ,1,45000,25000,20000,True,Idul Fitri,3
2026-03-20,frame ,1,55000,25000,30000,True,Idul Fitri,3
2026-03-20,bucket costum rokok ,1,128000,72000,56000,True,Idul Fitri,3
2026-03-20,bouquet koran tumbelinna ,1,88000,53000,35000,True,Idul Fitri,3
2026-03-20,frame valentine ,1,55000,25000,30000,True,Idul Fitri,3
2026-03-20,bouquet costum merah ,1,135000,69000,66000,True,Idul Fitri,3
2026-03-20,bouquet kopi ,1,48000,28000,20000,True,Idul Fitri,3
2026-03-20,boquet costum rokok ,1,128000,74000,54000,True,Idul Fitri,3
2026-03-20,bouquet silverqueen ,1,115000,73000,42000,True,Idul Fitri,3
2026-03-20,bucket sip ,1,45000,25000,20000,True,Idul Fitri,3
2026-03-20,bouquet snack tango ,1,50000,30000,20000,True,Idul Fitri,3
2026-03-20,costum snack bouquet + flwr ,1,265000,197000,68000,True,Idul Fitri,3
2026-03-20,bouquet costum snack jumbo ,1,185000,122000,63000,True,Idul Fitri,3
2026-03-20,bouquet red flower ,1,74000,42000,32000,True,Idul Fitri,3
2026-03-20,bouquet warna ungu medium ,1,65000,35000,30000,True,Idul Fitri,3
2026-03-20,bouquet flower medium ,1,65000,38000,27000,True,Idul Fitri,3
2026-03-20,bouquet flower medium ,1,65000,38000,27000,True,Idul Fitri,3
2026-03-20,bouquet costum merah ,1,135000,69000,66000,True,Idul Fitri,3
2026-03-20,bouquet costum merah ,1,135000,69000,66000,True,Idul Fitri,3
2026-03-20,frame costum ,1,78000,35000,43000,True,Idul Fitri,3
2026-03-20,bucket sip ,1,45000,25000,20000,True,Idul Fitri,3
2026-03-20,bouquet bang bang mix rokok ,1,138000,87000,51000,True,Idul Fitri,3
2026-03-20,bouquet bunga coklat 3 ,1,125000,86000,39000,True,Idul Fitri,3
2026-03-20,bouquet costum snack jumbo ,2,370000,244000,126000,True,Idul Fitri,3
2026-03-20,bouquet costum foto ,1,60000,30000,30000,True,Idul Fitri,3
2026-03-20,bouquet koran medium ,1,65000,38000,27000,True,Idul Fitri,3
2026-03-20,bouquet flower costum ,1,82000,49000,33000,True,Idul Fitri,3
2026-03-20,boquet costum rokok ,1,128000,74000,54000,True,Idul Fitri,3
2026-03-20,snack bouquet ,1,50000,25000,25000,True,Idul Fitri,3
2026-03-20,bouquet snack sip ,1,45000,25000,20000,True,Idul Fitri,3
2026-03-20,bouquet merah medium ,1,65000,35000,30000,True,Idul Fitri,3
2026-03-20,frame valentine besar ,1,468000,210000,258000,True,Idul Fitri,3
2026-03-20,bucket red costum ,1,79000,45000,34000,True,Idul Fitri,3
2026-03-20,frame valentine ,1,385000,175000,210000,True,Idul Fitri,3
2026-03-20,bouquet flower costum ,1,82000,49000,33000,True,Idul Fitri,3
2026-03-20,frame valentine ,3,1155000,525000,630000,True,Idul Fitri,3
2026-03-20,bouquet silverqueen mini 4 ,1,110000,67000,43000,True,Idul Fitri,3
2026-03-20,frame valentine ,1,385000,175000,210000,True,Idul Fitri,3
2026-03-20,costum bouquet snack+ rokok ,1,140000,106000,34000,True,Idul Fitri,3
2026-03-20,bouquet costum snack jumbo ,1,185000,122000,63000,True,Idul Fitri,3
2026-03-20,bouquet motif koran ,1,88000,53000,35000,True,Idul Fitri,3
2026-03-20,bouquet isi 9 mawar ,1,135000,97000,38000,True,Idul Fitri,3
2026-03-20,bouquet silverqueen ,1,115000,73000,42000,True,Idul Fitri,3
2026-03-20,bouquet snack coklat mini ,1,45000,25000,20000,True,Idul Fitri,3
2026-03-20,frame birthday besar ,1,78000,35000,43000,True,Idul Fitri,3
2026-03-20,frame mini ,1,55000,25000,30000,True,Idul Fitri,3
2026-03-20,bouquet koran tumbelinna ,1,88000,53000,35000,True,Idul Fitri,3
2026-03-20,bouquet tumbelina koran ,1,88000,53000,35000,True,Idul Fitri,3
2026-03-20,bouquet model koran tumbelina mini ,2,176000,106000,70000,True,Idul Fitri,3
2026-03-20,frame costum ,1,78000,35000,43000,True,Idul Fitri,3
2026-03-20,bouquet bunga mix snack top ,1,75000,48000,27000,True,Idul Fitri,3
2026-03-20,bouquet koran costum isi 3bunga ,1,38000,15000,23000,True,Idul Fitri,3
2026-03-20,snack bouquet ,1,50000,25000,25000,True,Idul Fitri,3
2026-03-20,frame valentine besar ,1,468000,210000,258000,True,Idul Fitri,3
2026-03-20,bouquet model koran tumbelina mini ,1,88000,53000,35000,True,Idul Fitri,3
2026-03-20,bouquet bang bang mix rokok ,1,138000,87000,51000,True,Idul Fitri,3
2026-03-20,money bouquet ,1,75000,35000,40000,True,Idul Fitri,3
2026-03-20,bucket kopi ,1,50000,25000,25000,True,Idul Fitri,3
2026-03-20,frame valentine besar ,1,468000,210000,258000,True,Idul Fitri,3
2026-03-20,bouquet flower ,1,77000,54000,23000,True,Idul Fitri,3
2026-03-20,bouquet koran tumbelinna ,1,88000,53000,35000,True,Idul Fitri,3
2026-03-20,bouquet costum jepit kamboja ,1,64000,39000,25000,True,Idul Fitri,3
2026-03-20,bouquet bunga mix snack top ,1,75000,48000,27000,True,Idul Fitri,3
2026-03-20,bouquet jumbo mawar 100 pc ,1,650000,321000,329000,True,Idul Fitri,3
2026-03-20,frame mini ,1,55000,25000,30000,True,Idul Fitri,3
2026-03-20,frame valentine besar ,1,468000,210000,258000,True,Idul Fitri,3
2026-03-20,frame besar ,1,78000,35000,43000,True,Idul Fitri,3
2026-03-20,frame costum ,1,78000,35000,43000,True,Idul Fitri,3
2026-03-20,frame valentine besar ,3,1404000,630000,774000,True,Idul Fitri,3
2026-03-20,bouquet koran costum isi 3bunga ,1,38000,15000,23000,True,Idul Fitri,3
2026-03-20,bucket red costum ,2,158000,90000,68000,True,Idul Fitri,3
2026-03-20,buckert costum rokok ,1,135000,103000,32000,True,Idul Fitri,3
2026-03-20,costum snack bouquet + flwr ,1,265000,197000,68000,True,Idul Fitri,3
2026-03-20,bouquet costum foto ,1,60000,30000,30000,True,Idul Fitri,3
2026-03-20,bouquet flower medium ,1,65000,38000,27000,True,Idul Fitri,3
2026-03-20,bucket kopi ,3,150000,75000,75000,True,Idul Fitri,3
2026-03-20,bouquet flower medium red ,1,65000,35000,30000,True,Idul Fitri,3
2026-03-20,bouquet bunga coklat 3 ,1,125000,86000,39000,True,Idul Fitri,3
2026-03-20,bouquet bunga coklat 3 ,1,125000,86000,39000,True,Idul Fitri,3
2026-03-20,bouquet snack sip ,1,45000,25000,20000,True,Idul Fitri,3
2026-03-20,bouquet model koran tumbelina mini ,1,88000,53000,35000,True,Idul Fitri,3
2026-03-20,costum bouquet snack+ rokok ,3,420000,318000,102000,True,Idul Fitri,3
2026-03-20,bouquet flower costum ,1,82000,49000,33000,True,Idul Fitri,3
2026-03-20,costum bouquet snack+ rokok ,1,140000,106000,34000,True,Idul Fitri,3
2026-03-20,frame birthday besar ,1,78000,35000,43000,True,Idul Fitri,3
2026-03-20,frame birthday ,1,78000,35000,43000,True,Idul Fitri,3
2026-03-20,frame valentine besar ,1,468000,210000,258000,True,Idul Fitri,3
2026-03-20,bouquet motif koran ,1,88000,53000,35000,True,Idul Fitri,3
2026-03-20,bouquet silverqueen mini 4 ,1,110000,67000,43000,True,Idul Fitri,3
2026-03-20,bouquet silverqueen mini 4 ,1,110000,67000,43000,True,Idul Fitri,3
2026-03-20,frame valentine besar ,1,468000,210000,258000,True,Idul Fitri,3
2026-03-20,bouquet tumbelina koran ,1,88000,53000,35000,True,Idul Fitri,3
2026-03-20,bouquet bunga coklat 3 ,1,125000,86000,39000,True,Idul Fitri,3
2026-03-20,bucket tumbelina koran ,1,88000,53000,35000,True,Idul Fitri,3
2026-03-20,bouquet snack  ,1,45000,25000,20000,True,Idul Fitri,3
2026-03-20,costum bouquet snack+ rokok ,1,140000,106000,34000,True,Idul Fitri,3
2026-03-20,bouquet flower medium unggu ,1,65000,35000,30000,True,Idul Fitri,3
2026-03-20,costum snack bouquet + flwr ,1,265000,197000,68000,True,Idul Fitri,3
2026-03-20,frame birthjday,1,78000,35000,43000,True,Idul Fitri,3
2026-03-20,bouquet motif koran ,1,88000,53000,35000,True,Idul Fitri,3
2026-03-20,bouquet bang bang mix rokok ,1,138000,87000,51000,True,Idul Fitri,3
2026-03-20,bouquet silverqueen ,1,115000,73000,42000,True,Idul Fitri,3
2026-03-20,bouquet flower costum ,1,82000,49000,33000,True,Idul Fitri,3
2026-03-20,bouquet flower medium red ,1,65000,35000,30000,True,Idul Fitri,3
2026-03-20,bucket red costum ,3,237000,135000,102000,True,Idul Fitri,3
2026-03-20,bouquet kopi ,1,48000,28000,20000,True,Idul Fitri,3
2026-03-20,bouquet costum merah ,1,135000,69000,66000,True,Idul Fitri,3
2026-03-20,bouquet flower costum ,1,82000,49000,33000,True,Idul Fitri,3
2026-03-20,bucket isi 9 bunga ,1,135000,67000,68000,True,Idul Fitri,3
2026-03-20,bouquet costum jepit kamboja ,1,64000,39000,25000,True,Idul Fitri,3
2026-03-20,frame birthjday,2,156000,70000,86000,True,Idul Fitri,3
2026-03-20,bouquet warna ungu medium ,1,65000,35000,30000,True,Idul Fitri,3
2026-03-20,frame birthday ,1,78000,35000,43000,True,Idul Fitri,3
2026-03-20,bouquet bunga coklat 3 ,1,125000,86000,39000,True,Idul Fitri,3
2026-03-20,frame valentine ,1,55000,25000,30000,True,Idul Fitri,3
2026-03-20,bouquet isi 9 mawar ,1,135000,97000,38000,True,Idul Fitri,3
2026-03-20,bouquet koran costum isi 3bunga ,1,38000,15000,23000,True,Idul Fitri,3
2026-03-20,bucket sip ,1,45000,25000,20000,True,Idul Fitri,3
2026-03-20,bouquet costum merah ,1,135000,69000,66000,True,Idul Fitri,3
2026-03-20,frame mini ,1,55000,25000,30000,True,Idul Fitri,3
2026-03-20,frame costum ,1,78000,35000,43000,True,Idul Fitri,3
2026-03-20,bouquet silverqueen mini 4 ,1,110000,67000,43000,True,Idul Fitri,3
2026-03-20,frame valentine besar ,2,936000,420000,516000,True,Idul Fitri,3
2026-03-21,bouquet koran tumbelinna ,1,88000,53000,35000,True,Idul Fitri,3
2026-03-21,bouquet model koran tumbelina mini ,1,88000,53000,35000,True,Idul Fitri,3
2026-03-21,bucket tumbelina koran ,1,88000,53000,35000,True,Idul Fitri,3
2026-03-21,bouquet red flower ,1,74000,42000,32000,True,Idul Fitri,3
2026-03-21,boquet costum rokok ,1,128000,74000,54000,True,Idul Fitri,3
2026-03-21,bouquet flower medium ,1,65000,38000,27000,True,Idul Fitri,3
2026-03-21,costum bouquet snack+ rokok ,1,140000,106000,34000,True,Idul Fitri,3
2026-03-21,bouquet silverqueen mini 4 ,1,110000,67000,43000,True,Idul Fitri,3
2026-03-21,bouquet flower medium ,1,65000,38000,27000,True,Idul Fitri,3
2026-03-21,bouquet flower ,3,231000,162000,69000,True,Idul Fitri,3
2026-03-21,bouquet jumbo mawar 100 pc ,1,650000,321000,329000,True,Idul Fitri,3
2026-03-21,bouquet pocky ,1,84000,62000,22000,True,Idul Fitri,3
2026-03-21,costum snack bouquet + flwr ,1,265000,197000,68000,True,Idul Fitri,3
2026-03-21,bouquet koran costum isi 3bunga ,1,38000,15000,23000,True,Idul Fitri,3
2026-03-21,bouquet costum foto ,1,60000,30000,30000,True,Idul Fitri,3
2026-03-21,frame besar ,1,78000,35000,43000,True,Idul Fitri,3
2026-03-21,bucket isi 9 bunga ,1,135000,67000,68000,True,Idul Fitri,3
2026-03-21,bouquet motif koran ,1,88000,53000,35000,True,Idul Fitri,3
2026-03-21,bucket sip ,1,45000,25000,20000,True,Idul Fitri,3
2026-03-21,costum bouquet snack+ rokok ,1,140000,106000,34000,True,Idul Fitri,3
2026-03-21,bucket red costum ,1,79000,45000,34000,True,Idul Fitri,3
2026-03-21,bouquet red flower ,1,74000,42000,32000,True,Idul Fitri,3
2026-03-21,bucket tumbelina koran ,1,88000,53000,35000,True,Idul Fitri,3
2026-03-21,bouquet koran costum isi 3bunga ,1,38000,15000,23000,True,Idul Fitri,3
2026-03-21,bouquet isi 9 mawar ,1,135000,97000,38000,True,Idul Fitri,3
2026-03-21,bouquet warna ungu medium ,1,65000,35000,30000,True,Idul Fitri,3
2026-03-21,bouquet bunga coklat 3 ,3,375000,258000,117000,True,Idul Fitri,3
2026-03-21,bucket tumbelina koran ,1,88000,53000,35000,True,Idul Fitri,3
2026-03-21,money bouquet ,1,75000,35000,40000,True,Idul Fitri,3
2026-03-21,bouquet merah medium ,1,65000,35000,30000,True,Idul Fitri,3
2026-03-21,bouquet costum snack jumbo ,1,185000,122000,63000,True,Idul Fitri,3
2026-03-21,bouquet flower costum ,1,82000,49000,33000,True,Idul Fitri,3
2026-03-21,bouquet costum jepit kamboja ,1,64000,39000,25000,True,Idul Fitri,3
2026-03-21,bouquet koran costum isi 3bunga ,1,38000,15000,23000,True,Idul Fitri,3
2026-03-21,bouquet kopi ,1,48000,28000,20000,True,Idul Fitri,3
2026-03-21,frame besar,1,78000,35000,43000,True,Idul Fitri,3
2026-03-21,bouquet isi 9 mawar ,2,270000,194000,76000,True,Idul Fitri,3
2026-03-21,bouquet costum merah ,1,135000,69000,66000,True,Idul Fitri,3
2026-03-21,bouquet warna ungu medium ,1,65000,35000,30000,True,Idul Fitri,3
2026-03-21,bouquet motif koran ,1,88000,53000,35000,True,Idul Fitri,3
2026-03-21,bouquet merah medium ,1,65000,35000,30000,True,Idul Fitri,3
2026-03-21,frame besar ,1,78000,35000,43000,True,Idul Fitri,3
2026-03-21,bouquet flower medium ,1,65000,38000,27000,True,Idul Fitri,3
2026-03-21,bucket isi 9 bunga ,1,135000,67000,68000,True,Idul Fitri,3
2026-03-21,bouquet warna ungu medium ,1,65000,35000,30000,True,Idul Fitri,3
2026-03-21,bouquet flower medium ,1,65000,38000,27000,True,Idul Fitri,3
2026-03-21,bouquet bunga coklat 3 ,1,125000,86000,39000,True,Idul Fitri,3
2026-03-21,bouquet silverqueen ,1,115000,73000,42000,True,Idul Fitri,3
2026-03-21,bouquet flower ,1,77000,54000,23000,True,Idul Fitri,3
2026-03-21,bouquet flower medium ,1,65000,38000,27000,True,Idul Fitri,3
2026-03-21,bouquet snack coklat mini ,1,45000,25000,20000,True,Idul Fitri,3
2026-03-21,bouquet snack bangbang ,1,64000,37000,27000,True,Idul Fitri,3
2026-03-21,bouquet isi 9 mawar ,1,135000,97000,38000,True,Idul Fitri,3
2026-03-21,bouquet pocky ,1,84000,62000,22000,True,Idul Fitri,3
2026-03-21,bouquet silverqueen mini 4 ,1,110000,67000,43000,True,Idul Fitri,3
2026-03-21,bouquet flower costum ,3,246000,147000,99000,True,Idul Fitri,3
2026-03-21,bouquet bunga coklat 3 ,1,125000,86000,39000,True,Idul Fitri,3
2026-03-21,frame mini ,1,55000,25000,30000,True,Idul Fitri,3
2026-03-21,money bouquet ,1,75000,35000,40000,True,Idul Fitri,3
2026-03-21,frame valentine ,1,55000,25000,30000,True,Idul Fitri,3
2026-03-21,bucket costum rokok ,1,128000,72000,56000,True,Idul Fitri,3
2026-03-21,bouquet pocky ,1,84000,62000,22000,True,Idul Fitri,3
2026-03-21,frame mini ,1,55000,25000,30000,True,Idul Fitri,3
2026-03-21,bouquet red flower ,1,74000,42000,32000,True,Idul Fitri,3
2026-03-21,bucket red costum ,3,237000,135000,102000,True,Idul Fitri,3
2026-03-21,frame birthday besar ,1,78000,35000,43000,True,Idul Fitri,3
2026-03-21,bouquet koran tumbelinna ,1,88000,53000,35000,True,Idul Fitri,3
2026-03-21,bouquet koran tumbelinna ,1,88000,53000,35000,True,Idul Fitri,3
2026-03-21,bucket kopi ,1,50000,25000,25000,True,Idul Fitri,3
2026-03-21,bouquet red flower ,1,74000,42000,32000,True,Idul Fitri,3
2026-03-21,bucket kopi ,1,50000,25000,25000,True,Idul Fitri,3
2026-03-21,bouquet bunga mix snack top ,1,75000,48000,27000,True,Idul Fitri,3
2026-03-21,costum bouquet snack+ rokok ,1,140000,106000,34000,True,Idul Fitri,3
2026-03-21,snack bouquet ,1,50000,25000,25000,True,Idul Fitri,3
2026-03-21,frame valentine ,1,55000,25000,30000,True,Idul Fitri,3
2026-03-21,frame ,1,55000,25000,30000,True,Idul Fitri,3
2026-03-21,bouquet snack tango ,1,50000,30000,20000,True,Idul Fitri,3
2026-03-21,frame birthday ,1,78000,35000,43000,True,Idul Fitri,3
2026-03-21,frame besar,1,78000,35000,43000,True,Idul Fitri,3
2026-03-21,bouquet merah medium ,1,65000,35000,30000,True,Idul Fitri,3
2026-03-21,bouquet kopi ,2,96000,56000,40000,True,Idul Fitri,3
2026-03-21,bouquet kopi ,1,48000,28000,20000,True,Idul Fitri,3
2026-03-21,bouquet red flower ,3,222000,126000,96000,True,Idul Fitri,3
2026-03-21,frame besar ,1,78000,35000,43000,True,Idul Fitri,3
2026-03-21,bouquet costum jepit kamboja ,1,64000,39000,25000,True,Idul Fitri,3
2026-03-21,bouquet flower medium unggu ,1,65000,35000,30000,True,Idul Fitri,3
2026-03-21,bouquet kopi inc bunga mini ,1,55000,30000,25000,True,Idul Fitri,3
2026-03-21,frame valentine besar ,3,1404000,630000,774000,True,Idul Fitri,3
2026-03-21,bouquet blue 9 bunga ,1,135000,67000,68000,True,Idul Fitri,3
2026-03-21,bouquet model koran tumbelina mini ,3,264000,159000,105000,True,Idul Fitri,3
2026-03-21,bouquet rose isi 9,1,135000,67000,68000,True,Idul Fitri,3
2026-03-21,bouquet snack  ,1,45000,25000,20000,True,Idul Fitri,3
2026-03-21,bucket kopi ,1,50000,25000,25000,True,Idul Fitri,3
2026-03-21,bouquet flower costum ,1,82000,49000,33000,True,Idul Fitri,3
2026-03-21,bouquet costum foto ,1,60000,30000,30000,True,Idul Fitri,3
2026-03-21,bouquet costum foto ,1,60000,30000,30000,True,Idul Fitri,3
2026-03-21,bouquet snack coklat mini ,1,45000,25000,20000,True,Idul Fitri,3
2026-03-21,bucket tumbelina koran ,1,88000,53000,35000,True,Idul Fitri,3
2026-03-21,bucket costum rokok ,1,128000,72000,56000,True,Idul Fitri,3
2026-03-21,bucket kopi ,1,50000,25000,25000,True,Idul Fitri,3
2026-03-21,money bouquet ,1,75000,35000,40000,True,Idul Fitri,3
2026-03-21,bouquet silverqueen ,1,115000,73000,42000,True,Idul Fitri,3
2026-03-21,bouquet bunga coklat 3 ,1,125000,86000,39000,True,Idul Fitri,3
2026-03-21,frame birthjday,1,78000,35000,43000,True,Idul Fitri,3
2026-03-21,bucket costum rokok ,1,128000,72000,56000,True,Idul Fitri,3
2026-03-21,bouquet merah medium ,1,65000,35000,30000,True,Idul Fitri,3
2026-03-21,bouquet merah medium ,1,65000,35000,30000,True,Idul Fitri,3
2026-03-21,costum bouquet snack+ rokok ,2,280000,212000,68000,True,Idul Fitri,3
2026-03-21,bouquet costum merah ,1,135000,69000,66000,True,Idul Fitri,3
2026-03-21,bouquet isi 9 mawar ,1,135000,97000,38000,True,Idul Fitri,3
2026-03-21,bouquet costum snack jumbo ,1,185000,122000,63000,True,Idul Fitri,3
2026-03-21,bouquet costum foto ,1,60000,30000,30000,True,Idul Fitri,3
2026-03-21,bouquet costum jepit kamboja ,1,64000,39000,25000,True,Idul Fitri,3
2026-03-21,buckert costum rokok ,1,135000,103000,32000,True,Idul Fitri,3
2026-03-21,bouquet kopi ,1,48000,28000,20000,True,Idul Fitri,3
2026-03-21,frame besar ,1,78000,35000,43000,True,Idul Fitri,3
2026-03-21,frame birthjday,1,78000,35000,43000,True,Idul Fitri,3
2026-03-21,bouquet snack sip ,3,135000,75000,60000,True,Idul Fitri,3
2026-03-21,bouquet silverqueen ,1,115000,73000,42000,True,Idul Fitri,3
2026-03-21,bouquet warna ungu medium ,1,65000,35000,30000,True,Idul Fitri,3
2026-03-21,frame costum ,1,78000,35000,43000,True,Idul Fitri,3
2026-03-21,bouquet red flower ,1,74000,42000,32000,True,Idul Fitri,3
2026-03-21,bouquet snack tango ,1,50000,30000,20000,True,Idul Fitri,3
2026-03-21,bouquet koran medium ,1,65000,38000,27000,True,Idul Fitri,3
2026-03-21,frame besar ,1,78000,35000,43000,True,Idul Fitri,3
2026-03-21,frame besar,1,78000,35000,43000,True,Idul Fitri,3
2026-03-21,frame valentine ,3,165000,75000,90000,True,Idul Fitri,3
2026-03-21,bouquet jumbo mawar 100 pc ,1,650000,321000,329000,True,Idul Fitri,3
2026-03-21,bouquet flower medium unggu ,1,65000,35000,30000,True,Idul Fitri,3
2026-03-21,boquet costum rokok ,1,128000,74000,54000,True,Idul Fitri,3
2026-03-21,frame besar ,1,78000,35000,43000,True,Idul Fitri,3
2026-03-21,bouquet flower costum ,1,82000,49000,33000,True,Idul Fitri,3
2026-03-21,bucket tumbelina koran ,1,88000,53000,35000,True,Idul Fitri,3
2026-03-21,bouquet koran tumbelinna ,1,88000,53000,35000,True,Idul Fitri,3
2026-03-21,bucket kopi ,1,50000,25000,25000,True,Idul Fitri,3
2026-03-21,buckert costum rokok ,1,135000,103000,32000,True,Idul Fitri,3
2026-03-21,frame birthday ,1,55000,25000,30000,True,Idul Fitri,3
2026-03-21,bouquet kopi ,1,48000,28000,20000,True,Idul Fitri,3
2026-03-21,frame valentine ,3,165000,75000,90000,True,Idul Fitri,3
2026-03-21,frame birthjday,1,78000,35000,43000,True,Idul Fitri,3
2026-03-21,bouquet blue 9 bunga ,1,135000,67000,68000,True,Idul Fitri,3
2026-03-21,bouquet model koran tumbelina mini ,1,88000,53000,35000,True,Idul Fitri,3
2026-03-21,bucket red costum ,1,79000,45000,34000,True,Idul Fitri,3
2026-03-21,bouquet snack  ,1,45000,25000,20000,True,Idul Fitri,3
2026-03-21,bouquet flower medium red ,1,65000,35000,30000,True,Idul Fitri,3
2026-03-21,frame mini ,1,55000,25000,30000,True,Idul Fitri,3
2026-03-21,frame besar ,1,78000,35000,43000,True,Idul Fitri,3
2026-03-21,frame birthday ,1,55000,25000,30000,True,Idul Fitri,3
2026-03-21,bouquet snack  ,1,45000,25000,20000,True,Idul Fitri,3
2026-03-21,bouquet silverqueen mini 4 ,1,110000,67000,43000,True,Idul Fitri,3
2026-03-21,bouquet flower ,1,77000,54000,23000,True,Idul Fitri,3
2026-03-21,bucket costum rokok ,1,128000,72000,56000,True,Idul Fitri,3
2026-03-21,bouquet snack coklat mini ,1,45000,25000,20000,True,Idul Fitri,3
2026-03-21,costum bouquet snack+ rokok ,2,280000,212000,68000,True,Idul Fitri,3
2026-03-21,frame mini ,1,55000,25000,30000,True,Idul Fitri,3
2026-03-21,bouquet snack tango ,1,50000,30000,20000,True,Idul Fitri,3
2026-03-21,bouquet kopii ,1,50000,25000,25000,True,Idul Fitri,3
2026-03-21,money bouquet ,1,75000,35000,40000,True,Idul Fitri,3
2026-03-21,bouquet snack coklat mini ,1,45000,25000,20000,True,Idul Fitri,3
2026-03-21,bouquet koran tumbelinna ,1,88000,53000,35000,True,Idul Fitri,3
2026-03-21,frame valentine ,1,55000,25000,30000,True,Idul Fitri,3
2026-03-21,bouquet rose isi 9,1,135000,67000,68000,True,Idul Fitri,3
2026-03-21,frame besar,1,78000,35000,43000,True,Idul Fitri,3
2026-03-21,bouquet warna ungu medium ,1,65000,35000,30000,True,Idul Fitri,3
2026-03-21,bouquet kopi ,1,48000,28000,20000,True,Idul Fitri,3
2026-03-21,bucket isi 9 bunga ,1,135000,67000,68000,True,Idul Fitri,3
2026-03-21,frame birthjday,1,78000,35000,43000,True,Idul Fitri,3
2026-03-21,bucket red costum ,1,79000,45000,34000,True,Idul Fitri,3
2026-03-21,bouquet kopi ,2,96000,56000,40000,True,Idul Fitri,3
2026-03-21,bouquet snack bangbang ,2,128000,74000,54000,True,Idul Fitri,3
2026-03-21,frame birthday besar ,1,78000,35000,43000,True,Idul Fitri,3
2026-03-21,bouquet kopi inc bunga mini ,1,55000,30000,25000,True,Idul Fitri,3
2026-03-21,bouquet warna ungu medium ,1,65000,35000,30000,True,Idul Fitri,3
2026-03-21,bucket isi 9 bunga ,2,270000,134000,136000,True,Idul Fitri,3
2026-03-21,bouquet koran medium ,1,65000,38000,27000,True,Idul Fitri,3
2026-03-21,bouquet snack  ,1,45000,25000,20000,True,Idul Fitri,3
2026-03-21,bucket isi 9 bunga ,1,135000,67000,68000,True,Idul Fitri,3
2026-03-21,bouquet koran medium ,1,65000,38000,27000,True,Idul Fitri,3
2026-03-21,bouquet flower medium unggu ,3,195000,105000,90000,True,Idul Fitri,3
2026-03-21,costum bouquet snack+ rokok ,1,140000,106000,34000,True,Idul Fitri,3
2026-03-21,money bouquet ,1,75000,35000,40000,True,Idul Fitri,3
2026-03-21,bouquet warna ungu medium ,1,65000,35000,30000,True,Idul Fitri,3
2026-03-21,bouquet costum snack jumbo ,1,185000,122000,63000,True,Idul Fitri,3
2026-03-21,bouquet model koran tumbelina mini ,1,88000,53000,35000,True,Idul Fitri,3
2026-03-21,frame besar ,1,78000,35000,43000,True,Idul Fitri,3
2026-03-21,bouquet snack coklat mini ,1,45000,25000,20000,True,Idul Fitri,3
2026-03-21,bouquet koran costum isi 3bunga ,1,38000,15000,23000,True,Idul Fitri,3
2026-03-21,bouquet warna ungu medium ,1,65000,35000,30000,True,Idul Fitri,3
2026-03-21,bucket isi 9 bunga ,1,135000,67000,68000,True,Idul Fitri,3
2026-03-21,frame valentine ,1,55000,25000,30000,True,Idul Fitri,3
2026-03-21,costum snack bouquet + flwr ,1,265000,197000,68000,True,Idul Fitri,3
2026-03-21,bouquet costum merah ,1,135000,69000,66000,True,Idul Fitri,3
2026-03-21,bouquet flower costum ,1,82000,49000,33000,True,Idul Fitri,3
2026-03-21,bouquet merah medium ,1,65000,35000,30000,True,Idul Fitri,3
2026-03-22,bouquet bunga mix snack top ,1,75000,48000,27000,False,-,3
2026-03-22,frame ,1,55000,25000,30000,False,-,3
2026-03-22,bouquet koran tumbelinna ,2,176000,106000,70000,False,-,3
2026-03-22,bouquet costum jepit kamboja ,1,64000,39000,25000,False,-,3
2026-03-22,bouquet bunga coklat 3 ,1,125000,86000,39000,False,-,3
2026-03-22,buckert costum rokok ,1,135000,103000,32000,False,-,3
2026-03-22,bouquet model koran tumbelina mini ,3,264000,159000,105000,False,-,3
2026-03-23,snack bouquet ,1,50000,25000,25000,False,-,3
2026-03-23,bouquet motif koran ,1,88000,53000,35000,False,-,3
2026-03-23,buckert costum rokok ,2,270000,206000,64000,False,-,3
2026-03-23,bouquet koran tumbelinna ,1,88000,53000,35000,False,-,3
2026-03-23,bouquet bunga mix snack top ,1,75000,48000,27000,False,-,3
2026-03-23,bouquet costum jepit kamboja ,3,192000,117000,75000,False,-,3
2026-03-23,bucket tumbelina koran ,1,88000,53000,35000,False,-,3
2026-03-24,bouquet snack  ,1,45000,25000,20000,False,-,3
2026-03-24,bouquet kopi inc bunga mini ,1,55000,30000,25000,False,-,3
2026-03-24,bouquet motif koran ,1,88000,53000,35000,False,-,3
2026-03-24,frame besar,3,234000,105000,129000,False,-,3
2026-03-24,bouquet costum snack jumbo ,1,185000,122000,63000,False,-,3
2026-03-24,frame costum ,1,78000,35000,43000,False,-,3
2026-03-24,bucket red costum ,1,79000,45000,34000,False,-,3
2026-03-24,money bouquet ,1,75000,35000,40000,False,-,3
2026-03-25,bouquet isi 9 mawar ,1,135000,97000,38000,False,-,3
2026-03-25,bouquet model koran tumbelina mini ,3,264000,159000,105000,False,-,3
2026-03-25,bouquet kopi ,1,48000,28000,20000,False,-,3
2026-03-25,bouquet flower ,1,77000,54000,23000,False,-,3
2026-03-25,frame besar ,1,78000,35000,43000,False,-,3
2026-03-25,frame birthday besar ,1,78000,35000,43000,False,-,3
2026-03-25,bouquet red flower ,1,74000,42000,32000,False,-,3
2026-03-25,bucket kopi ,1,50000,25000,25000,False,-,3
2026-03-25,bouquet rose isi 9,1,135000,67000,68000,False,-,3
2026-03-26,bouquet silverqueen mini 4 ,1,110000,67000,43000,False,-,3
2026-03-26,bouquet snack tango ,1,50000,30000,20000,False,-,3
2026-03-26,snack bouquet ,3,150000,75000,75000,False,-,3
2026-03-26,bouquet pocky ,1,84000,62000,22000,False,-,3
2026-03-26,bouquet tumbelina koran ,1,88000,53000,35000,False,-,3
2026-03-26,frame valentine besar ,1,468000,210000,258000,False,-,3
2026-03-26,bucket sip ,1,45000,25000,20000,False,-,3
2026-03-26,bouquet jumbo mawar 100 pc ,1,650000,321000,329000,False,-,3
2026-03-26,bouquet silverqueen mini 4 ,1,110000,67000,43000,False,-,3
2026-03-27,bouquet model koran tumbelina mini ,1,88000,53000,35000,False,-,3
2026-03-27,bouquet snack bangbang ,1,64000,37000,27000,False,-,3
2026-03-27,costum snack bouquet + flwr ,1,265000,197000,68000,False,-,3
2026-03-27,bouquet flower costum ,1,82000,49000,33000,False,-,3
2026-03-28,bouquet silverqueen ,1,115000,73000,42000,False,-,3
2026-03-28,frame ,1,55000,25000,30000,False,-,3
2026-03-28,bouquet snack sip ,1,45000,25000,20000,False,-,3
2026-03-29,bouquet flower medium unggu ,1,65000,35000,30000,False,-,3
2026-03-29,bouquet kopi ,1,48000,28000,20000,False,-,3
2026-03-29,bouquet snack  ,1,45000,25000,20000,False,-,3
2026-03-29,bouquet flower costum ,1,82000,49000,33000,False,-,3
2026-03-29,costum bouquet snack+ rokok ,1,140000,106000,34000,False,-,3
2026-03-29,frame besar ,1,78000,35000,43000,False,-,3
2026-03-29,bouquet costum snack jumbo ,1,185000,122000,63000,False,-,3
2026-03-29,bouquet blue 9 bunga ,1,135000,67000,68000,False,-,3
2026-03-29,boquet costum rokok ,1,128000,74000,54000,False,-,3
2026-03-30,bucket isi 9 bunga ,1,135000,67000,68000,False,-,3
2026-03-30,money bouquet ,1,75000,35000,40000,False,-,3
2026-03-30,bouquet jumbo mawar 100 pc ,1,650000,321000,329000,False,-,3
2026-03-30,boquet costum rokok ,1,128000,74000,54000,False,-,3
2026-03-30,bouquet flower costum ,1,82000,49000,33000,False,-,3
2026-03-31,frame valentine ,2,770000,350000,420000,False,-,3
2026-03-31,bucket kopi ,1,50000,25000,25000,False,-,3
2026-03-31,bouquet snack sip ,1,45000,25000,20000,False,-,3
2026-03-31,bucket tumbelina koran ,1,88000,53000,35000,False,-,3
2026-04-01,bucket red costum ,1,79000,45000,34000,False,-,4
2026-04-01,bouquet koran medium ,1,65000,38000,27000,False,-,4
2026-04-01,snack bouquet ,1,50000,25000,25000,False,-,4
2026-04-01,bouquet pocky ,1,84000,62000,22000,False,-,4
2026-04-01,buckert costum rokok ,1,135000,103000,32000,False,-,4
2026-04-01,bouquet merah medium ,1,65000,35000,30000,False,-,4
2026-04-01,buckert costum rokok ,1,135000,103000,32000,False,-,4
2026-04-01,bouquet blue 9 bunga ,1,135000,67000,68000,False,-,4
2026-04-02,bouquet isi 9 mawar ,1,135000,97000,38000,False,-,4
2026-04-02,frame valentine ,1,55000,25000,30000,False,-,4
2026-04-02,snack bouquet ,1,50000,25000,25000,False,-,4
2026-04-02,frame valentine besar ,2,936000,420000,516000,False,-,4
2026-04-02,bouquet costum snack jumbo ,1,185000,122000,63000,False,-,4
2026-04-02,bouquet bang bang mix rokok ,1,138000,87000,51000,False,-,4
2026-04-02,bouquet model koran tumbelina mini ,1,88000,53000,35000,False,-,4
2026-04-02,bouquet bang bang mix rokok ,1,138000,87000,51000,False,-,4
2026-04-03,frame birthday besar ,1,78000,35000,43000,True,Jumat Agung,4
2026-04-03,frame valentine ,1,385000,175000,210000,True,Jumat Agung,4
2026-04-03,boquet costum rokok ,1,128000,74000,54000,True,Jumat Agung,4
2026-04-03,bouquet jumbo mawar 100 pc ,1,650000,321000,329000,True,Jumat Agung,4
2026-04-03,bouquet kopi ,1,48000,28000,20000,True,Jumat Agung,4
2026-04-03,bouquet kopi ,3,144000,84000,60000,True,Jumat Agung,4
2026-04-03,money bouquet ,1,75000,35000,40000,True,Jumat Agung,4
2026-04-03,bouquet motif koran ,1,88000,53000,35000,True,Jumat Agung,4
2026-04-03,snack bouquet ,1,50000,25000,25000,True,Jumat Agung,4
2026-04-03,bucket tumbelina koran ,1,88000,53000,35000,True,Jumat Agung,4
2026-04-03,bouquet silverqueen mini 4 ,1,110000,67000,43000,True,Jumat Agung,4
2026-04-03,bouquet costum snack jumbo ,1,185000,122000,63000,True,Jumat Agung,4
2026-04-03,bouquet rose isi 9,1,135000,67000,68000,True,Jumat Agung,4
2026-04-03,bouquet snack  ,1,45000,25000,20000,True,Jumat Agung,4
2026-04-03,bouquet rose isi 9,1,135000,67000,68000,True,Jumat Agung,4
2026-04-03,bouquet flower medium unggu ,1,65000,35000,30000,True,Jumat Agung,4
2026-04-03,bouquet kopi ,1,48000,28000,20000,True,Jumat Agung,4
2026-04-03,bouquet kopi inc bunga mini ,1,55000,30000,25000,True,Jumat Agung,4
2026-04-03,bouquet model koran tumbelina mini ,1,88000,53000,35000,True,Jumat Agung,4
2026-04-03,bouquet costum snack jumbo ,1,185000,122000,63000,True,Jumat Agung,4
2026-04-03,frame besar,1,78000,35000,43000,True,Jumat Agung,4
2026-04-03,frame ,1,55000,25000,30000,True,Jumat Agung,4
2026-04-03,bouquet flower medium red ,3,195000,105000,90000,True,Jumat Agung,4
2026-04-03,bouquet costum snack jumbo ,1,185000,122000,63000,True,Jumat Agung,4
2026-04-03,bouquet costum jepit kamboja ,1,64000,39000,25000,True,Jumat Agung,4
2026-04-03,frame ,1,55000,25000,30000,True,Jumat Agung,4
2026-04-03,snack bouquet ,1,50000,25000,25000,True,Jumat Agung,4
2026-04-03,bouquet flower ,1,77000,54000,23000,True,Jumat Agung,4
2026-04-03,buckert costum rokok ,3,405000,309000,96000,True,Jumat Agung,4
2026-04-03,bouquet koran tumbelinna ,1,88000,53000,35000,True,Jumat Agung,4
2026-04-03,bouquet flower medium ,1,65000,38000,27000,True,Jumat Agung,4
2026-04-03,frame besar ,1,78000,35000,43000,True,Jumat Agung,4
2026-04-03,bouquet snack sip ,1,45000,25000,20000,True,Jumat Agung,4
2026-04-03,bucket kopi ,2,100000,50000,50000,True,Jumat Agung,4
2026-04-03,bouquet flower medium red ,1,65000,35000,30000,True,Jumat Agung,4
2026-04-03,bouquet warna ungu medium ,1,65000,35000,30000,True,Jumat Agung,4
2026-04-03,frame besar ,1,78000,35000,43000,True,Jumat Agung,4
2026-04-03,frame birthday ,1,78000,35000,43000,True,Jumat Agung,4
2026-04-03,bouquet flower medium ,1,65000,38000,27000,True,Jumat Agung,4
2026-04-03,frame birthjday,1,78000,35000,43000,True,Jumat Agung,4
2026-04-03,frame birthday besar ,1,78000,35000,43000,True,Jumat Agung,4
2026-04-03,bouquet flower medium ,1,65000,38000,27000,True,Jumat Agung,4
2026-04-03,bouquet snack sip ,3,135000,75000,60000,True,Jumat Agung,4
2026-04-03,bouquet flower ,1,77000,54000,23000,True,Jumat Agung,4
2026-04-03,bouquet flower medium red ,1,65000,35000,30000,True,Jumat Agung,4
2026-04-03,bouquet merah medium ,1,65000,35000,30000,True,Jumat Agung,4
2026-04-03,bouquet koran tumbelinna ,1,88000,53000,35000,True,Jumat Agung,4
2026-04-03,bouquet bang bang mix rokok ,3,414000,261000,153000,True,Jumat Agung,4
2026-04-03,costum bouquet snack+ rokok ,1,140000,106000,34000,True,Jumat Agung,4
2026-04-03,bouquet snack sip ,1,45000,25000,20000,True,Jumat Agung,4
2026-04-03,frame ,1,55000,25000,30000,True,Jumat Agung,4
2026-04-03,money bouquet ,1,75000,35000,40000,True,Jumat Agung,4
2026-04-03,bouquet kopi inc bunga mini ,1,55000,30000,25000,True,Jumat Agung,4
2026-04-03,boquet costum rokok ,1,128000,74000,54000,True,Jumat Agung,4
2026-04-03,bouquet silverqueen mini 4 ,1,110000,67000,43000,True,Jumat Agung,4
2026-04-03,bouquet costum jepit kamboja ,1,64000,39000,25000,True,Jumat Agung,4
2026-04-03,bouquet merah medium ,1,65000,35000,30000,True,Jumat Agung,4
2026-04-03,bouquet costum snack jumbo ,1,185000,122000,63000,True,Jumat Agung,4
2026-04-03,bouquet bang bang mix rokok ,1,138000,87000,51000,True,Jumat Agung,4
2026-04-03,frame besar ,2,156000,70000,86000,True,Jumat Agung,4
2026-04-03,bouquet costum merah ,1,135000,69000,66000,True,Jumat Agung,4
2026-04-03,bouquet snack tango ,1,50000,30000,20000,True,Jumat Agung,4
2026-04-03,bucket kopi ,1,50000,25000,25000,True,Jumat Agung,4
2026-04-03,money bouquet ,1,75000,35000,40000,True,Jumat Agung,4
2026-04-03,bouquet costum jepit kamboja ,1,64000,39000,25000,True,Jumat Agung,4
2026-04-03,bouquet costum foto ,1,60000,30000,30000,True,Jumat Agung,4
2026-04-03,snack bouquet ,1,50000,25000,25000,True,Jumat Agung,4
2026-04-03,bouquet warna ungu medium ,1,65000,35000,30000,True,Jumat Agung,4
2026-04-03,bouquet snack tango ,2,100000,60000,40000,True,Jumat Agung,4
2026-04-03,bucket kopi ,1,50000,25000,25000,True,Jumat Agung,4
2026-04-03,bouquet kopii ,1,50000,25000,25000,True,Jumat Agung,4
2026-04-03,frame birthday ,3,165000,75000,90000,True,Jumat Agung,4
2026-04-03,frame birthday ,3,234000,105000,129000,True,Jumat Agung,4
2026-04-03,frame birthday ,1,78000,35000,43000,True,Jumat Agung,4
2026-04-03,bouquet bunga coklat 3 ,1,125000,86000,39000,True,Jumat Agung,4
2026-04-03,bouquet koran tumbelinna ,1,88000,53000,35000,True,Jumat Agung,4
2026-04-03,bouquet flower costum ,1,82000,49000,33000,True,Jumat Agung,4
2026-04-03,snack bouquet ,1,50000,25000,25000,True,Jumat Agung,4
2026-04-03,snack bouquet ,1,50000,25000,25000,True,Jumat Agung,4
2026-04-03,bouquet blue 9 bunga ,1,135000,67000,68000,True,Jumat Agung,4
2026-04-03,frame birthday ,1,78000,35000,43000,True,Jumat Agung,4
2026-04-03,bouquet costum snack jumbo ,1,185000,122000,63000,True,Jumat Agung,4
2026-04-03,frame birthjday,1,78000,35000,43000,True,Jumat Agung,4
2026-04-03,bouquet tumbelina koran ,3,264000,159000,105000,True,Jumat Agung,4
2026-04-03,frame besar ,1,78000,35000,43000,True,Jumat Agung,4
2026-04-03,bouquet snack sip ,1,45000,25000,20000,True,Jumat Agung,4
2026-04-03,bucket costum rokok ,1,128000,72000,56000,True,Jumat Agung,4
2026-04-03,costum snack bouquet + flwr ,1,265000,197000,68000,True,Jumat Agung,4
2026-04-03,snack bouquet ,2,100000,50000,50000,True,Jumat Agung,4
2026-04-03,snack bouquet ,1,50000,25000,25000,True,Jumat Agung,4
2026-04-03,bouquet bang bang mix rokok ,3,414000,261000,153000,True,Jumat Agung,4
2026-04-03,bouquet bunga coklat 3 ,1,125000,86000,39000,True,Jumat Agung,4
2026-04-03,frame ,1,55000,25000,30000,True,Jumat Agung,4
2026-04-03,bouquet rose isi 9,1,135000,67000,68000,True,Jumat Agung,4
2026-04-03,bouquet snack coklat mini ,3,135000,75000,60000,True,Jumat Agung,4
2026-04-03,bouquet costum jepit kamboja ,1,64000,39000,25000,True,Jumat Agung,4
2026-04-03,bouquet snack  ,1,45000,25000,20000,True,Jumat Agung,4
2026-04-03,bouquet kopi inc bunga mini ,1,55000,30000,25000,True,Jumat Agung,4
2026-04-03,bucket sip ,1,45000,25000,20000,True,Jumat Agung,4
2026-04-03,bouquet model koran tumbelina mini ,1,88000,53000,35000,True,Jumat Agung,4
2026-04-03,bouquet flower medium ,1,65000,38000,27000,True,Jumat Agung,4
2026-04-03,frame birthday ,1,55000,25000,30000,True,Jumat Agung,4
2026-04-03,bouquet bunga mix snack top ,1,75000,48000,27000,True,Jumat Agung,4
2026-04-03,frame birthday ,1,78000,35000,43000,True,Jumat Agung,4
2026-04-03,money bouquet ,1,75000,35000,40000,True,Jumat Agung,4
2026-04-03,bucket costum rokok ,1,128000,72000,56000,True,Jumat Agung,4
2026-04-03,bouquet koran tumbelinna ,1,88000,53000,35000,True,Jumat Agung,4
2026-04-03,bouquet motif koran ,2,176000,106000,70000,True,Jumat Agung,4
2026-04-03,bucket costum rokok ,1,128000,72000,56000,True,Jumat Agung,4
2026-04-03,bouquet blue 9 bunga ,1,135000,67000,68000,True,Jumat Agung,4
2026-04-03,bouquet tumbelina koran ,1,88000,53000,35000,True,Jumat Agung,4
2026-04-03,bouquet snack coklat mini ,1,45000,25000,20000,True,Jumat Agung,4
2026-04-03,bouquet kopi ,1,48000,28000,20000,True,Jumat Agung,4
2026-04-03,bouquet koran medium ,3,195000,114000,81000,True,Jumat Agung,4
2026-04-03,bouquet flower medium unggu ,1,65000,35000,30000,True,Jumat Agung,4
2026-04-03,bouquet pocky ,1,84000,62000,22000,True,Jumat Agung,4
2026-04-03,frame birthday ,1,78000,35000,43000,True,Jumat Agung,4
2026-04-03,bouquet silverqueen mini 4 ,1,110000,67000,43000,True,Jumat Agung,4
2026-04-03,bouquet flower medium red ,1,65000,35000,30000,True,Jumat Agung,4
2026-04-03,bouquet costum foto ,1,60000,30000,30000,True,Jumat Agung,4
2026-04-03,bouquet flower medium red ,1,65000,35000,30000,True,Jumat Agung,4
2026-04-03,bouquet costum foto ,1,60000,30000,30000,True,Jumat Agung,4
2026-04-03,bucket red costum ,1,79000,45000,34000,True,Jumat Agung,4
2026-04-03,frame valentine ,1,385000,175000,210000,True,Jumat Agung,4
2026-04-03,bouquet warna ungu medium ,1,65000,35000,30000,True,Jumat Agung,4
2026-04-03,bouquet flower medium unggu ,1,65000,35000,30000,True,Jumat Agung,4
2026-04-03,bouquet flower medium red ,1,65000,35000,30000,True,Jumat Agung,4
2026-04-03,bucket tumbelina koran ,1,88000,53000,35000,True,Jumat Agung,4
2026-04-03,frame valentine besar ,1,468000,210000,258000,True,Jumat Agung,4
2026-04-03,bouquet flower medium unggu ,1,65000,35000,30000,True,Jumat Agung,4
2026-04-03,bouquet flower medium ,1,65000,38000,27000,True,Jumat Agung,4
2026-04-03,bouquet costum foto ,1,60000,30000,30000,True,Jumat Agung,4
2026-04-03,costum snack bouquet + flwr ,1,265000,197000,68000,True,Jumat Agung,4
2026-04-03,bouquet silverqueen ,1,115000,73000,42000,True,Jumat Agung,4
2026-04-03,bucket costum rokok ,1,128000,72000,56000,True,Jumat Agung,4
2026-04-03,costum snack bouquet + flwr ,1,265000,197000,68000,True,Jumat Agung,4
2026-04-03,frame costum ,1,78000,35000,43000,True,Jumat Agung,4
2026-04-03,bouquet pocky ,1,84000,62000,22000,True,Jumat Agung,4
2026-04-03,bouquet snack bangbang ,1,64000,37000,27000,True,Jumat Agung,4
2026-04-03,bouquet motif koran ,1,88000,53000,35000,True,Jumat Agung,4
2026-04-03,bouquet red flower ,1,74000,42000,32000,True,Jumat Agung,4
2026-04-03,frame valentine ,1,385000,175000,210000,True,Jumat Agung,4
2026-04-03,bouquet flower medium red ,1,65000,35000,30000,True,Jumat Agung,4
2026-04-03,bucket kopi ,1,50000,25000,25000,True,Jumat Agung,4
2026-04-03,bouquet snack  ,1,45000,25000,20000,True,Jumat Agung,4
2026-04-03,bouquet bunga coklat 3 ,1,125000,86000,39000,True,Jumat Agung,4
2026-04-03,bouquet bunga coklat 3 ,1,125000,86000,39000,True,Jumat Agung,4
2026-04-03,bouquet tumbelina koran ,1,88000,53000,35000,True,Jumat Agung,4
2026-04-03,bouquet snack sip ,1,45000,25000,20000,True,Jumat Agung,4
2026-04-03,frame ,2,110000,50000,60000,True,Jumat Agung,4
2026-04-03,frame besar,3,234000,105000,129000,True,Jumat Agung,4
2026-04-03,bouquet kopi inc bunga mini ,1,55000,30000,25000,True,Jumat Agung,4
2026-04-03,bouquet bang bang mix rokok ,1,138000,87000,51000,True,Jumat Agung,4
2026-04-03,frame birthday ,2,156000,70000,86000,True,Jumat Agung,4
2026-04-03,bouquet costum jepit kamboja ,1,64000,39000,25000,True,Jumat Agung,4
2026-04-03,bucket kopi ,1,50000,25000,25000,True,Jumat Agung,4
2026-04-03,bouquet costum merah ,1,135000,69000,66000,True,Jumat Agung,4
2026-04-03,bouquet koran costum isi 3bunga ,1,38000,15000,23000,True,Jumat Agung,4
2026-04-03,bouquet kopi ,1,48000,28000,20000,True,Jumat Agung,4
2026-04-03,bouquet bunga coklat 3 ,1,125000,86000,39000,True,Jumat Agung,4
2026-04-03,frame valentine ,1,55000,25000,30000,True,Jumat Agung,4
2026-04-03,bouquet costum snack jumbo ,1,185000,122000,63000,True,Jumat Agung,4
2026-04-03,bouquet snack coklat mini ,1,45000,25000,20000,True,Jumat Agung,4
2026-04-03,bouquet motif koran ,1,88000,53000,35000,True,Jumat Agung,4
2026-04-03,bucket red costum ,2,158000,90000,68000,True,Jumat Agung,4
2026-04-03,bouquet red flower ,1,74000,42000,32000,True,Jumat Agung,4
2026-04-03,bouquet costum merah ,1,135000,69000,66000,True,Jumat Agung,4
2026-04-03,frame mini ,1,55000,25000,30000,True,Jumat Agung,4
2026-04-03,bucket tumbelina koran ,1,88000,53000,35000,True,Jumat Agung,4
2026-04-03,bouquet snack sip ,1,45000,25000,20000,True,Jumat Agung,4
2026-04-03,bouquet snack coklat mini ,1,45000,25000,20000,True,Jumat Agung,4
2026-04-03,frame birthday ,1,55000,25000,30000,True,Jumat Agung,4
2026-04-03,bouquet flower ,1,77000,54000,23000,True,Jumat Agung,4
2026-04-03,bucket tumbelina koran ,1,88000,53000,35000,True,Jumat Agung,4
2026-04-03,bouquet costum foto ,3,180000,90000,90000,True,Jumat Agung,4
2026-04-03,frame mini ,1,55000,25000,30000,True,Jumat Agung,4
2026-04-03,costum snack bouquet + flwr ,1,265000,197000,68000,True,Jumat Agung,4
2026-04-03,bouquet costum jepit kamboja ,1,64000,39000,25000,True,Jumat Agung,4
2026-04-03,bouquet koran medium ,1,65000,38000,27000,True,Jumat Agung,4
2026-04-03,frame birthjday,1,78000,35000,43000,True,Jumat Agung,4
2026-04-03,frame ,2,110000,50000,60000,True,Jumat Agung,4
2026-04-03,frame besar,1,78000,35000,43000,True,Jumat Agung,4
2026-04-03,bouquet pocky ,1,84000,62000,22000,True,Jumat Agung,4
2026-04-03,bouquet silverqueen ,1,115000,73000,42000,True,Jumat Agung,4
2026-04-03,bouquet snack bangbang ,2,128000,74000,54000,True,Jumat Agung,4
2026-04-03,bouquet snack  ,1,45000,25000,20000,True,Jumat Agung,4
2026-04-03,frame costum ,1,78000,35000,43000,True,Jumat Agung,4
2026-04-04,bouquet flower ,1,77000,54000,23000,False,-,4
2026-04-04,bouquet flower ,1,77000,54000,23000,False,-,4
2026-04-04,bouquet snack coklat mini ,1,45000,25000,20000,False,-,4
2026-04-05,frame costum ,1,78000,35000,43000,True,Paskah,4
2026-04-05,bouquet warna ungu medium ,1,65000,35000,30000,True,Paskah,4
2026-04-05,bouquet flower costum ,1,82000,49000,33000,True,Paskah,4
2026-04-05,frame besar ,1,78000,35000,43000,True,Paskah,4
2026-04-05,bouquet isi 9 mawar ,1,135000,97000,38000,True,Paskah,4
2026-04-05,frame besar,1,78000,35000,43000,True,Paskah,4
2026-04-05,bouquet red flower ,1,74000,42000,32000,True,Paskah,4
2026-04-05,costum snack bouquet + flwr ,1,265000,197000,68000,True,Paskah,4
2026-04-05,bouquet flower medium red ,1,65000,35000,30000,True,Paskah,4
2026-04-05,frame valentine besar ,1,468000,210000,258000,True,Paskah,4
2026-04-05,frame valentine besar ,1,468000,210000,258000,True,Paskah,4
2026-04-05,bouquet tumbelina koran ,2,176000,106000,70000,True,Paskah,4
2026-04-05,bouquet snack coklat mini ,1,45000,25000,20000,True,Paskah,4
2026-04-05,bucket costum rokok ,2,256000,144000,112000,True,Paskah,4
2026-04-05,bouquet flower medium unggu ,1,65000,35000,30000,True,Paskah,4
2026-04-05,bucket red costum ,1,79000,45000,34000,True,Paskah,4
2026-04-05,bouquet red flower ,1,74000,42000,32000,True,Paskah,4
2026-04-05,bouquet kopi inc bunga mini ,1,55000,30000,25000,True,Paskah,4
2026-04-05,bucket isi 9 bunga ,1,135000,67000,68000,True,Paskah,4
2026-04-05,bouquet pocky ,1,84000,62000,22000,True,Paskah,4
2026-04-05,bouquet snack coklat mini ,1,45000,25000,20000,True,Paskah,4
2026-04-05,frame birthday ,1,55000,25000,30000,True,Paskah,4
2026-04-05,frame besar,1,78000,35000,43000,True,Paskah,4
2026-04-05,costum snack bouquet + flwr ,1,265000,197000,68000,True,Paskah,4
2026-04-05,bouquet snack coklat mini ,1,45000,25000,20000,True,Paskah,4
2026-04-05,bouquet costum snack jumbo ,2,370000,244000,126000,True,Paskah,4
2026-04-05,bouquet flower costum ,1,82000,49000,33000,True,Paskah,4
2026-04-05,bouquet warna ungu medium ,1,65000,35000,30000,True,Paskah,4
2026-04-05,bouquet silverqueen ,1,115000,73000,42000,True,Paskah,4
2026-04-05,bouquet flower medium unggu ,1,65000,35000,30000,True,Paskah,4
2026-04-05,bouquet snack tango ,1,50000,30000,20000,True,Paskah,4
2026-04-05,bucket kopi ,2,100000,50000,50000,True,Paskah,4
2026-04-05,bouquet merah medium ,1,65000,35000,30000,True,Paskah,4
2026-04-05,bouquet snack  ,1,45000,25000,20000,True,Paskah,4
2026-04-05,frame costum ,1,78000,35000,43000,True,Paskah,4
2026-04-05,buckert costum rokok ,1,135000,103000,32000,True,Paskah,4
2026-04-05,bucket costum rokok ,1,128000,72000,56000,True,Paskah,4
2026-04-05,bouquet costum jepit kamboja ,1,64000,39000,25000,True,Paskah,4
2026-04-05,bucket isi 9 bunga ,1,135000,67000,68000,True,Paskah,4
2026-04-05,bouquet flower medium ,1,65000,38000,27000,True,Paskah,4
2026-04-05,bouquet pocky ,1,84000,62000,22000,True,Paskah,4
2026-04-05,bouquet kopi ,1,48000,28000,20000,True,Paskah,4
2026-04-05,bouquet snack sip ,1,45000,25000,20000,True,Paskah,4
2026-04-05,frame birthday ,1,55000,25000,30000,True,Paskah,4
2026-04-05,frame birthday ,1,55000,25000,30000,True,Paskah,4
2026-04-05,frame valentine ,1,55000,25000,30000,True,Paskah,4
2026-04-05,bouquet isi 9 mawar ,1,135000,97000,38000,True,Paskah,4
2026-04-05,bouquet merah medium ,1,65000,35000,30000,True,Paskah,4
2026-04-05,bouquet snack tango ,1,50000,30000,20000,True,Paskah,4
2026-04-05,bouquet costum jepit kamboja ,1,64000,39000,25000,True,Paskah,4
2026-04-05,costum snack bouquet + flwr ,1,265000,197000,68000,True,Paskah,4
2026-04-05,bouquet costum foto ,1,60000,30000,30000,True,Paskah,4
2026-04-05,bouquet flower ,1,77000,54000,23000,True,Paskah,4
2026-04-05,bucket kopi ,1,50000,25000,25000,True,Paskah,4
2026-04-05,bouquet rose isi 9,1,135000,67000,68000,True,Paskah,4
2026-04-05,bucket red costum ,1,79000,45000,34000,True,Paskah,4
2026-04-05,bouquet blue 9 bunga ,1,135000,67000,68000,True,Paskah,4
2026-04-05,bouquet costum jepit kamboja ,2,128000,78000,50000,True,Paskah,4
2026-04-05,bouquet snack bangbang ,1,64000,37000,27000,True,Paskah,4
2026-04-05,bouquet blue 9 bunga ,1,135000,67000,68000,True,Paskah,4
2026-04-05,bouquet motif koran ,1,88000,53000,35000,True,Paskah,4
2026-04-05,bouquet koran medium ,1,65000,38000,27000,True,Paskah,4
2026-04-05,bouquet jumbo mawar 100 pc ,3,1950000,963000,987000,True,Paskah,4
2026-04-05,bucket red costum ,1,79000,45000,34000,True,Paskah,4
2026-04-05,bouquet snack coklat mini ,1,45000,25000,20000,True,Paskah,4
2026-04-05,frame mini ,1,55000,25000,30000,True,Paskah,4
2026-04-05,bouquet flower medium red ,1,65000,35000,30000,True,Paskah,4
2026-04-05,bouquet isi 9 mawar ,1,135000,97000,38000,True,Paskah,4
2026-04-05,bouquet jumbo mawar 100 pc ,1,650000,321000,329000,True,Paskah,4
2026-04-05,bouquet model koran tumbelina mini ,1,88000,53000,35000,True,Paskah,4
2026-04-05,frame birthjday,1,78000,35000,43000,True,Paskah,4
2026-04-05,frame besar,1,78000,35000,43000,True,Paskah,4
2026-04-05,costum snack bouquet + flwr ,1,265000,197000,68000,True,Paskah,4
2026-04-05,bouquet costum foto ,1,60000,30000,30000,True,Paskah,4
2026-04-05,bouquet merah medium ,2,130000,70000,60000,True,Paskah,4
2026-04-05,bouquet bunga mix snack top ,1,75000,48000,27000,True,Paskah,4
2026-04-05,bouquet koran medium ,2,130000,76000,54000,True,Paskah,4
2026-04-05,bouquet costum foto ,1,60000,30000,30000,True,Paskah,4
2026-04-05,bouquet costum jepit kamboja ,3,192000,117000,75000,True,Paskah,4
2026-04-05,frame birthday ,1,55000,25000,30000,True,Paskah,4
2026-04-05,frame besar,1,78000,35000,43000,True,Paskah,4
2026-04-05,bouquet bunga mix snack top ,1,75000,48000,27000,True,Paskah,4
2026-04-05,bucket costum rokok ,1,128000,72000,56000,True,Paskah,4
2026-04-05,bouquet koran tumbelinna ,1,88000,53000,35000,True,Paskah,4
2026-04-05,bouquet warna ungu medium ,3,195000,105000,90000,True,Paskah,4
2026-04-05,bouquet bunga mix snack top ,1,75000,48000,27000,True,Paskah,4
2026-04-05,snack bouquet ,1,50000,25000,25000,True,Paskah,4
2026-04-05,bucket tumbelina koran ,1,88000,53000,35000,True,Paskah,4
2026-04-05,bouquet blue 9 bunga ,1,135000,67000,68000,True,Paskah,4
2026-04-05,bucket sip ,1,45000,25000,20000,True,Paskah,4
2026-04-05,bouquet snack tango ,1,50000,30000,20000,True,Paskah,4
2026-04-05,bucket red costum ,1,79000,45000,34000,True,Paskah,4
2026-04-05,bucket tumbelina koran ,1,88000,53000,35000,True,Paskah,4
2026-04-05,bouquet jumbo mawar 100 pc ,1,650000,321000,329000,True,Paskah,4
2026-04-05,frame birthday ,1,55000,25000,30000,True,Paskah,4
2026-04-05,bouquet flower costum ,1,82000,49000,33000,True,Paskah,4
2026-04-05,bouquet snack sip ,1,45000,25000,20000,True,Paskah,4
2026-04-05,bouquet flower ,1,77000,54000,23000,True,Paskah,4
2026-04-05,frame besar ,1,78000,35000,43000,True,Paskah,4
2026-04-05,bouquet snack coklat mini ,1,45000,25000,20000,True,Paskah,4
2026-04-05,bouquet costum foto ,1,60000,30000,30000,True,Paskah,4
2026-04-05,bouquet jumbo mawar 100 pc ,1,650000,321000,329000,True,Paskah,4
2026-04-05,bucket isi 9 bunga ,1,135000,67000,68000,True,Paskah,4
2026-04-05,bouquet tumbelina koran ,1,88000,53000,35000,True,Paskah,4
2026-04-05,bouquet bang bang mix rokok ,1,138000,87000,51000,True,Paskah,4
2026-04-05,bouquet costum merah ,1,135000,69000,66000,True,Paskah,4
2026-04-05,bouquet bunga mix snack top ,1,75000,48000,27000,True,Paskah,4
2026-04-05,frame valentine ,1,55000,25000,30000,True,Paskah,4
2026-04-05,bouquet red flower ,1,74000,42000,32000,True,Paskah,4
2026-04-05,frame birthday ,1,78000,35000,43000,True,Paskah,4
2026-04-05,bouquet snack  ,1,45000,25000,20000,True,Paskah,4
2026-04-05,boquet costum rokok ,1,128000,74000,54000,True,Paskah,4
2026-04-05,bucket tumbelina koran ,1,88000,53000,35000,True,Paskah,4
2026-04-05,bouquet silverqueen mini 4 ,1,110000,67000,43000,True,Paskah,4
2026-04-05,frame mini ,1,55000,25000,30000,True,Paskah,4
2026-04-05,bucket costum rokok ,1,128000,72000,56000,True,Paskah,4
2026-04-05,bucket isi 9 bunga ,1,135000,67000,68000,True,Paskah,4
2026-04-05,frame ,1,55000,25000,30000,True,Paskah,4
2026-04-05,bouquet model koran tumbelina mini ,1,88000,53000,35000,True,Paskah,4
2026-04-05,frame birthday besar ,1,78000,35000,43000,True,Paskah,4
2026-04-05,bouquet warna ungu medium ,1,65000,35000,30000,True,Paskah,4
2026-04-05,frame valentine ,1,385000,175000,210000,True,Paskah,4
2026-04-05,frame birthday ,1,55000,25000,30000,True,Paskah,4
2026-04-05,frame birthday ,1,55000,25000,30000,True,Paskah,4
2026-04-05,buckert costum rokok ,1,135000,103000,32000,True,Paskah,4
2026-04-05,bucket isi 9 bunga ,1,135000,67000,68000,True,Paskah,4
2026-04-05,bucket costum rokok ,1,128000,72000,56000,True,Paskah,4
2026-04-05,frame birthjday,1,78000,35000,43000,True,Paskah,4
2026-04-05,snack bouquet ,1,50000,25000,25000,True,Paskah,4
2026-04-05,frame ,1,55000,25000,30000,True,Paskah,4
2026-04-05,bucket costum rokok ,1,128000,72000,56000,True,Paskah,4
2026-04-05,bouquet bang bang mix rokok ,1,138000,87000,51000,True,Paskah,4
2026-04-05,bouquet flower costum ,2,164000,98000,66000,True,Paskah,4
2026-04-05,frame birthday besar ,1,78000,35000,43000,True,Paskah,4
2026-04-05,buckert costum rokok ,1,135000,103000,32000,True,Paskah,4
2026-04-05,money bouquet ,1,75000,35000,40000,True,Paskah,4
2026-04-05,bouquet bunga coklat 3 ,1,125000,86000,39000,True,Paskah,4
2026-04-05,frame valentine ,1,55000,25000,30000,True,Paskah,4
2026-04-05,bouquet snack tango ,1,50000,30000,20000,True,Paskah,4
2026-04-05,frame mini ,1,55000,25000,30000,True,Paskah,4
2026-04-05,bouquet silverqueen mini 4 ,1,110000,67000,43000,True,Paskah,4
2026-04-05,bucket kopi ,1,50000,25000,25000,True,Paskah,4
2026-04-05,bouquet red flower ,1,74000,42000,32000,True,Paskah,4
2026-04-05,bouquet koran tumbelinna ,1,88000,53000,35000,True,Paskah,4
2026-04-05,bouquet costum foto ,1,60000,30000,30000,True,Paskah,4
2026-04-05,money bouquet ,1,75000,35000,40000,True,Paskah,4
2026-04-05,frame mini ,1,55000,25000,30000,True,Paskah,4
2026-04-05,bouquet costum snack jumbo ,1,185000,122000,63000,True,Paskah,4
2026-04-05,bucket kopi ,1,50000,25000,25000,True,Paskah,4
2026-04-05,bouquet flower medium ,1,65000,38000,27000,True,Paskah,4
2026-04-05,bouquet bunga mix snack top ,1,75000,48000,27000,True,Paskah,4
2026-04-05,bouquet snack sip ,1,45000,25000,20000,True,Paskah,4
2026-04-05,bouquet flower medium ,1,65000,38000,27000,True,Paskah,4
2026-04-05,bouquet snack  ,1,45000,25000,20000,True,Paskah,4
2026-04-05,bouquet merah medium ,1,65000,35000,30000,True,Paskah,4
2026-04-05,bouquet bunga mix snack top ,1,75000,48000,27000,True,Paskah,4
2026-04-05,frame costum ,1,78000,35000,43000,True,Paskah,4
2026-04-05,bouquet silverqueen ,1,115000,73000,42000,True,Paskah,4
2026-04-05,frame besar ,1,78000,35000,43000,True,Paskah,4
2026-04-05,frame ,1,55000,25000,30000,True,Paskah,4
2026-04-05,bouquet blue 9 bunga ,1,135000,67000,68000,True,Paskah,4
2026-04-05,bouquet snack tango ,1,50000,30000,20000,True,Paskah,4
2026-04-05,bucket kopi ,1,50000,25000,25000,True,Paskah,4
2026-04-05,bouquet kopi inc bunga mini ,3,165000,90000,75000,True,Paskah,4
2026-04-05,bouquet koran medium ,1,65000,38000,27000,True,Paskah,4
2026-04-05,bouquet flower costum ,1,82000,49000,33000,True,Paskah,4
2026-04-05,bouquet costum snack jumbo ,1,185000,122000,63000,True,Paskah,4
2026-04-05,bouquet flower medium unggu ,1,65000,35000,30000,True,Paskah,4
2026-04-05,bouquet pocky ,1,84000,62000,22000,True,Paskah,4
2026-04-05,bouquet kopi inc bunga mini ,1,55000,30000,25000,True,Paskah,4
2026-04-05,bouquet kopi inc bunga mini ,3,165000,90000,75000,True,Paskah,4
2026-04-05,bouquet kopii ,1,50000,25000,25000,True,Paskah,4
2026-04-05,bouquet red flower ,2,148000,84000,64000,True,Paskah,4
2026-04-05,bouquet snack tango ,2,100000,60000,40000,True,Paskah,4
2026-04-05,bouquet flower medium unggu ,1,65000,35000,30000,True,Paskah,4
2026-04-05,bucket costum rokok ,1,128000,72000,56000,True,Paskah,4
2026-04-05,costum snack bouquet + flwr ,3,795000,591000,204000,True,Paskah,4
2026-04-05,bouquet snack  ,1,45000,25000,20000,True,Paskah,4
2026-04-05,bouquet merah medium ,1,65000,35000,30000,True,Paskah,4
2026-04-05,bucket tumbelina koran ,3,264000,159000,105000,True,Paskah,4
2026-04-05,bouquet isi 9 mawar ,1,135000,97000,38000,True,Paskah,4
2026-04-05,bouquet snack  ,1,45000,25000,20000,True,Paskah,4
2026-04-05,bouquet rose isi 9,1,135000,67000,68000,True,Paskah,4
2026-04-05,frame valentine ,1,385000,175000,210000,True,Paskah,4
2026-04-05,frame costum ,1,78000,35000,43000,True,Paskah,4
2026-04-05,bucket costum rokok ,1,128000,72000,56000,True,Paskah,4
2026-04-05,bouquet koran costum isi 3bunga ,1,38000,15000,23000,True,Paskah,4
2026-04-05,bouquet motif koran ,1,88000,53000,35000,True,Paskah,4
2026-04-05,frame valentine besar ,1,468000,210000,258000,True,Paskah,4
2026-04-05,bouquet bang bang mix rokok ,2,276000,174000,102000,True,Paskah,4
2026-04-05,bouquet silverqueen mini 4 ,1,110000,67000,43000,True,Paskah,4
2026-04-05,bucket costum rokok ,1,128000,72000,56000,True,Paskah,4
2026-04-05,bouquet costum jepit kamboja ,1,64000,39000,25000,True,Paskah,4
2026-04-05,bouquet red flower ,1,74000,42000,32000,True,Paskah,4
2026-04-05,bouquet flower ,2,154000,108000,46000,True,Paskah,4
2026-04-05,bouquet isi 9 mawar ,1,135000,97000,38000,True,Paskah,4
2026-04-05,bucket kopi ,1,50000,25000,25000,True,Paskah,4
2026-04-05,bouquet costum merah ,1,135000,69000,66000,True,Paskah,4
2026-04-05,bucket isi 9 bunga ,1,135000,67000,68000,True,Paskah,4
2026-04-05,bouquet bunga coklat 3 ,1,125000,86000,39000,True,Paskah,4
2026-04-05,frame ,1,55000,25000,30000,True,Paskah,4
2026-04-05,money bouquet ,1,75000,35000,40000,True,Paskah,4
2026-04-05,costum snack bouquet + flwr ,1,265000,197000,68000,True,Paskah,4
2026-04-05,bouquet blue 9 bunga ,1,135000,67000,68000,True,Paskah,4
2026-04-05,bouquet costum merah ,1,135000,69000,66000,True,Paskah,4
2026-04-05,frame mini ,1,55000,25000,30000,True,Paskah,4
2026-04-05,bouquet costum snack jumbo ,1,185000,122000,63000,True,Paskah,4
2026-04-05,bouquet costum jepit kamboja ,1,64000,39000,25000,True,Paskah,4
2026-04-05,bouquet flower medium ,1,65000,38000,27000,True,Paskah,4
2026-04-05,bouquet kopi inc bunga mini ,1,55000,30000,25000,True,Paskah,4
2026-04-05,boquet costum rokok ,3,384000,222000,162000,True,Paskah,4
2026-04-05,bouquet flower costum ,1,82000,49000,33000,True,Paskah,4
2026-04-05,bouquet silverqueen ,1,115000,73000,42000,True,Paskah,4
2026-04-05,bucket sip ,2,90000,50000,40000,True,Paskah,4
2026-04-05,bouquet costum jepit kamboja ,1,64000,39000,25000,True,Paskah,4
2026-04-05,bouquet kopi ,1,48000,28000,20000,True,Paskah,4
2026-04-05,frame valentine besar ,1,468000,210000,258000,True,Paskah,4
2026-04-05,bucket isi 9 bunga ,1,135000,67000,68000,True,Paskah,4
2026-04-05,frame ,1,55000,25000,30000,True,Paskah,4
2026-04-05,bouquet costum merah ,1,135000,69000,66000,True,Paskah,4
2026-04-05,bouquet flower ,1,77000,54000,23000,True,Paskah,4
2026-04-05,bouquet koran medium ,1,65000,38000,27000,True,Paskah,4
2026-04-05,frame mini ,1,55000,25000,30000,True,Paskah,4
2026-04-05,bouquet warna ungu medium ,1,65000,35000,30000,True,Paskah,4
2026-04-05,bouquet flower medium unggu ,1,65000,35000,30000,True,Paskah,4
2026-04-05,bouquet flower ,1,77000,54000,23000,True,Paskah,4
2026-04-05,bucket isi 9 bunga ,2,270000,134000,136000,True,Paskah,4
2026-04-05,bucket kopi ,1,50000,25000,25000,True,Paskah,4
2026-04-05,snack bouquet ,1,50000,25000,25000,True,Paskah,4
2026-04-05,bouquet costum snack jumbo ,1,185000,122000,63000,True,Paskah,4
2026-04-05,buckert costum rokok ,1,135000,103000,32000,True,Paskah,4
2026-04-05,bouquet jumbo mawar 100 pc ,1,650000,321000,329000,True,Paskah,4
2026-04-05,bucket costum rokok ,2,256000,144000,112000,True,Paskah,4
2026-04-05,bouquet silverqueen mini 4 ,1,110000,67000,43000,True,Paskah,4
2026-04-05,bouquet bunga coklat 3 ,1,125000,86000,39000,True,Paskah,4
2026-04-05,snack bouquet ,1,50000,25000,25000,True,Paskah,4
2026-04-05,bouquet bunga coklat 3 ,1,125000,86000,39000,True,Paskah,4
2026-04-05,bouquet model koran tumbelina mini ,1,88000,53000,35000,True,Paskah,4
2026-04-05,costum snack bouquet + flwr ,1,265000,197000,68000,True,Paskah,4
2026-04-05,bouquet jumbo mawar 100 pc ,1,650000,321000,329000,True,Paskah,4
2026-04-05,bucket isi 9 bunga ,1,135000,67000,68000,True,Paskah,4
2026-04-05,bucket red costum ,1,79000,45000,34000,True,Paskah,4
2026-04-05,frame valentine ,1,385000,175000,210000,True,Paskah,4
2026-04-05,bouquet kopii ,3,150000,75000,75000,True,Paskah,4
2026-04-05,bouquet bang bang mix rokok ,1,138000,87000,51000,True,Paskah,4
2026-04-05,frame valentine besar ,1,468000,210000,258000,True,Paskah,4
2026-04-05,bucket tumbelina koran ,1,88000,53000,35000,True,Paskah,4
2026-04-06,frame valentine besar ,1,468000,210000,258000,False,-,4
2026-04-06,bouquet tumbelina koran ,1,88000,53000,35000,False,-,4
2026-04-06,bouquet silverqueen ,1,115000,73000,42000,False,-,4
2026-04-06,bouquet pocky ,1,84000,62000,22000,False,-,4
2026-04-06,bouquet merah medium ,1,65000,35000,30000,False,-,4
2026-04-07,bucket costum rokok ,1,128000,72000,56000,False,-,4
2026-04-07,bouquet silverqueen mini 4 ,1,110000,67000,43000,False,-,4
2026-04-07,bouquet jumbo mawar 100 pc ,1,650000,321000,329000,False,-,4
2026-04-07,bouquet flower medium ,1,65000,38000,27000,False,-,4
2026-04-07,frame mini ,1,55000,25000,30000,False,-,4
2026-04-07,frame birthday ,1,78000,35000,43000,False,-,4
2026-04-07,frame mini ,1,55000,25000,30000,False,-,4
2026-04-08,frame valentine besar ,1,468000,210000,258000,False,-,4
2026-04-08,boquet costum rokok ,3,384000,222000,162000,False,-,4
2026-04-08,bouquet flower ,1,77000,54000,23000,False,-,4
2026-04-08,frame mini ,1,55000,25000,30000,False,-,4
2026-04-08,bouquet flower costum ,1,82000,49000,33000,False,-,4
2026-04-08,bucket costum rokok ,1,128000,72000,56000,False,-,4
2026-04-08,bouquet flower medium red ,1,65000,35000,30000,False,-,4
2026-04-08,bouquet koran costum isi 3bunga ,1,38000,15000,23000,False,-,4
2026-04-09,bouquet kopii ,1,50000,25000,25000,False,-,4
2026-04-09,bouquet rose isi 9,1,135000,67000,68000,False,-,4
2026-04-09,snack bouquet ,1,50000,25000,25000,False,-,4
2026-04-09,bouquet silverqueen ,1,115000,73000,42000,False,-,4
2026-04-09,frame valentine ,1,55000,25000,30000,False,-,4
2026-04-09,bouquet pocky ,1,84000,62000,22000,False,-,4
2026-04-09,bucket isi 9 bunga ,1,135000,67000,68000,False,-,4
2026-04-10,bouquet koran medium ,1,65000,38000,27000,False,-,4
2026-04-10,frame valentine besar ,1,468000,210000,258000,False,-,4
2026-04-10,bouquet tumbelina koran ,1,88000,53000,35000,False,-,4
2026-04-10,bouquet motif koran ,1,88000,53000,35000,False,-,4
2026-04-10,frame costum ,1,78000,35000,43000,False,-,4
2026-04-10,frame valentine ,1,385000,175000,210000,False,-,4
2026-04-11,frame costum ,1,78000,35000,43000,False,-,4
2026-04-11,frame ,1,55000,25000,30000,False,-,4
2026-04-11,frame costum ,1,78000,35000,43000,False,-,4
2026-04-11,bouquet flower ,1,77000,54000,23000,False,-,4
2026-04-11,bouquet kopi ,1,48000,28000,20000,False,-,4
2026-04-11,bouquet costum snack jumbo ,1,185000,122000,63000,False,-,4
2026-04-11,bouquet costum merah ,1,135000,69000,66000,False,-,4
2026-04-11,bouquet flower ,1,77000,54000,23000,False,-,4
2026-04-11,bouquet model koran tumbelina mini ,1,88000,53000,35000,False,-,4
2026-04-12,frame birthday ,1,55000,25000,30000,False,-,4
2026-04-12,bouquet pocky ,1,84000,62000,22000,False,-,4
2026-04-12,frame costum ,1,78000,35000,43000,False,-,4
2026-04-12,bouquet costum jepit kamboja ,1,64000,39000,25000,False,-,4
2026-04-12,bouquet jumbo mawar 100 pc ,1,650000,321000,329000,False,-,4
2026-04-12,bouquet snack  ,1,45000,25000,20000,False,-,4
2026-04-13,bouquet model koran tumbelina mini ,1,88000,53000,35000,False,-,4
2026-04-13,bouquet jumbo mawar 100 pc ,1,650000,321000,329000,False,-,4
2026-04-13,snack bouquet ,1,50000,25000,25000,False,-,4
2026-04-13,bouquet kopii ,1,50000,25000,25000,False,-,4
2026-04-13,bouquet snack sip ,1,45000,25000,20000,False,-,4
2026-04-13,bouquet motif koran ,1,88000,53000,35000,False,-,4
2026-04-14,bouquet snack bangbang ,3,192000,111000,81000,False,-,4
2026-04-14,bouquet silverqueen ,1,115000,73000,42000,False,-,4
2026-04-14,bouquet jumbo mawar 100 pc ,1,650000,321000,329000,False,-,4
2026-04-14,bouquet costum jepit kamboja ,1,64000,39000,25000,False,-,4
2026-04-14,boquet costum rokok ,1,128000,74000,54000,False,-,4
